T0001,C041,2025-02-27,P141,BenangGigi,Kebersihan,2
T0002,C015,2025-03-13,P280,SabunCuciMobil,Kebersihan,1
T0003,C038,2025-08-05,P016,GaramHalus,Bumbu,1
T0004,C014,2025-04-30,P014,PastaGigi,Kebersihan,2
T0004,C014,2025-04-30,P288,TahuBeku,Frozen,4
T0004,C014,2025-04-30,P102,SerehSegar,Bumbu,5
T0004,C014,2025-04-30,P280,SabunCuciMobil,Kebersihan,3
T0004,C014,2025-04-30,P215,GelasPlastik,Peralatan,1
T0005,C049,2025-03-23,P175,TissuBayi,KebutuhanBayi,3
T0005,C049,2025-03-23,P143,HandSanitizer,Kebersihan,1
T0005,C049,2025-03-23,P080,MinyakKelapa,Sembako,1
T0005,C049,2025-03-23,P111,BumbuGulai,Bumbu,4
T0006,C007,2025-07-03,P136,TissuBasah,Kebersihan,5
T0006,C007,2025-07-03,P023,KopiSachet,Minuman,1
T0006,C007,2025-07-03,P236,BakingSoda,Makanan,4
T0007,C006,2025-10-10,P186,ObatSakitKepala,Kesehatan,1
T0007,C006,2025-10-10,P296,LampuLED,Peralatan,1
T0007,C006,2025-10-10,P099,KayuManis,Bumbu,2
T0008,C050,2025-05-29,P120,SambalOelek,Bumbu,1
T0009,C025,2025-05-23,P187,VitaminC,Kesehatan,2
T0009,C025,2025-05-23,P084,KwetiawKering,Sembako,3
T0009,C025,2025-05-23,P190,MinyakAngin,Kesehatan,1
T0009,C025,2025-05-23,P182,ObatBatuk,Kesehatan,5
T0010,C041,2025-03-29,P126,DeterjenCair,Kebersihan,5
T0010,C041,2025-03-29,P084,KwetiawKering,Sembako,2
T0010,C041,2025-03-29,P237,VaniliBubuk,Makanan,3
T0010,C041,2025-03-29,P195,SarungTanganLatex,Kesehatan,1
T0010,C041,2025-03-29,P139,SikatGigi,Kebersihan,2
T0011,C003,2025-06-11,P138,KapasWajah,Kebersihan,3
T0011,C003,2025-06-11,P034,Sarden,Makanan,2
T0011,C003,2025-06-11,P109,KalduSapi,Bumbu,4
T0011,C003,2025-06-11,P291,PopokDewasa,Kesehatan,4
T0012,C042,2025-08-23,P136,TissuBasah,Kebersihan,2
T0012,C042,2025-08-23,P072,BerasKetan,Sembako,5
T0013,C035,2025-05-15,P220,KorekApi,Peralatan,2
T0013,C035,2025-05-15,P299,StekerColokan,Peralatan,5
T0013,C035,2025-05-15,P205,KertasMinyak,Peralatan,4
T0013,C035,2025-05-15,P186,ObatSakitKepala,Kesehatan,1
T0013,C035,2025-05-15,P113,BumbuSoto,Bumbu,1
T0014,C008,2025-03-20,P217,TupperwareBox,Peralatan,4
T0014,C008,2025-03-20,P033,RotiIsi,Makanan,4
T0015,C039,2025-08-28,P129,PemutihPakaian,Kebersihan,3
T0015,C039,2025-08-28,P284,KemiriBulat,Sembako,3
T0015,C039,2025-08-28,P006,SusuCair,Minuman,1
T0015,C039,2025-08-28,P059,JellyInstan,Snack,3
T0015,C039,2025-08-28,P275,BumbuSopIga,Bumbu,4
T0016,C011,2025-08-21,P135,KamperPewangi,Kebersihan,5
T0017,C049,2025-04-02,P055,PermenSusu,Snack,3
T0017,C049,2025-04-02,P153,KentangBeku,Frozen,2
T0017,C049,2025-04-02,P260,SekotengInstan,Minuman,5
T0017,C049,2025-04-02,P102,SerehSegar,Bumbu,5
T0017,C049,2025-04-02,P079,MinyakZaitun,Sembako,1
T0018,C039,2025-06-15,P010,BerasPutih,Sembako,2
T0018,C039,2025-06-15,P058,PuddingInstan,Snack,1
T0018,C039,2025-06-15,P186,ObatSakitKepala,Kesehatan,2
T0018,C039,2025-06-15,P158,AyamPotong,Frozen,5
T0019,C006,2025-02-13,P036,IkanKaleng,Makanan,4
T0019,C006,2025-02-13,P273,MisoInstan,Bumbu,5
T0019,C006,2025-02-13,P065,StickKeju,Snack,2
T0019,C006,2025-02-13,P066,Granola,Snack,3
T0020,C034,2025-11-07,P109,KalduSapi,Bumbu,4
T0020,C034,2025-11-07,P277,PelicSepatu,Kebersihan,3
T0020,C034,2025-11-07,P103,SausTiram,Bumbu,4
T0020,C034,2025-11-07,P160,PizzaMini,Frozen,5
T0021,C029,2025-03-03,P116,BumbuRawon,Bumbu,3
T0021,C029,2025-03-03,P033,RotiIsi,Makanan,1
T0022,C038,2025-10-11,P113,BumbuSoto,Bumbu,1
T0022,C038,2025-10-11,P004,KopiBubuk,Minuman,1
T0023,C015,2025-02-04,P170,MinyakTelon,KebutuhanBayi,1
T0024,C033,2025-05-02,P249,ManisanPala,Snack,2
T0024,C033,2025-05-02,P110,KalduJamur,Bumbu,5
T0024,C033,2025-05-02,P277,PelicSepatu,Kebersihan,5
T0025,C031,2025-05-05,P209,SapuIjuk,Peralatan,4
T0025,C031,2025-05-05,P098,PalaBubuk,Bumbu,3
T0025,C031,2025-05-05,P049,KeripikSingkong,Snack,4
T0025,C031,2025-05-05,P050,KeripikKentang,Snack,4
T0026,C030,2025-01-28,P032,MieGoreng,Makanan,4
T0027,C047,2025-06-23,P128,PembersiKaca,Kebersihan,2
T0028,C013,2025-10-02,P072,BerasKetan,Sembako,4
T0028,C013,2025-10-02,P217,TupperwareBox,Peralatan,2
T0028,C013,2025-10-02,P094,JaheSeruk,Sembako,1
T0028,C013,2025-10-02,P143,HandSanitizer,Kebersihan,4
T0029,C036,2025-02-20,P277,PelicSepatu,Kebersihan,1
T0030,C006,2025-05-02,P209,SapuIjuk,Peralatan,4
T0030,C006,2025-05-02,P249,ManisanPala,Snack,2
T0031,C026,2025-01-31,P195,SarungTanganLatex,Kesehatan,4
T0031,C026,2025-01-31,P002,Telur,Makanan,3
T0032,C030,2025-05-27,P285,DaunPandan,Sembako,3
T0032,C030,2025-05-27,P250,DodolGarut,Snack,2
T0032,C030,2025-05-27,P080,MinyakKelapa,Sembako,1
T0032,C030,2025-05-27,P098,PalaBubuk,Bumbu,5
T0033,C048,2025-10-05,P161,RotiBun,Frozen,1
T0034,C004,2025-10-27,P258,WedangJahe,Minuman,5
T0034,C004,2025-10-27,P272,SausPedas,Bumbu,1
T0034,C004,2025-10-27,P081,SantanKelapa,Sembako,2
T0034,C004,2025-10-27,P030,YogurtCup,Minuman,1
T0035,C039,2025-02-04,P207,SponBuatPiring,Peralatan,5
T0035,C039,2025-02-04,P062,DodolTradi,Snack,2
T0036,C038,2025-11-01,P042,KelapaParut,Makanan,4
T0037,C043,2025-10-26,P268,BumbuGadoGado,Bumbu,2
T0037,C043,2025-10-26,P162,RotiSobek,Frozen,3
T0037,C043,2025-10-26,P134,PengharumRuang,Kebersihan,4
T0037,C043,2025-10-26,P105,SausTomat,Bumbu,2
T0037,C043,2025-10-26,P161,RotiBun,Frozen,3
T0038,C030,2025-06-11,P005,GulaPasir,Sembako,4
T0039,C040,2025-10-16,P038,SelaiStroberi,Makanan,5
T0040,C014,2025-09-17,P068,KacangAtom,Snack,2
T0040,C014,2025-09-17,P179,KrimRuamBayi,KebutuhanBayi,3
T0040,C014,2025-09-17,P036,IkanKaleng,Makanan,3
T0041,C011,2025-08-13,P155,EdamameKupas,Frozen,1
T0041,C011,2025-08-13,P271,SausKedelai,Bumbu,2
T0041,C011,2025-08-13,P005,GulaPasir,Sembako,3
T0041,C011,2025-08-13,P284,KemiriBulat,Sembako,1
T0041,C011,2025-08-13,P154,JagungBeku,Frozen,1
T0042,C048,2025-10-11,P140,ObatKumur,Kebersihan,5
T0042,C048,2025-10-11,P145,PembersiMuka,Kebersihan,2
T0043,C046,2025-06-25,P136,TissuBasah,Kebersihan,4
T0043,C046,2025-06-25,P259,BandrekInstan,Minuman,3
T0044,C004,2025-02-17,P142,DeodoranStick,Kebersihan,2
T0044,C004,2025-02-17,P023,KopiSachet,Minuman,3
T0044,C004,2025-02-17,P002,Telur,Makanan,2
T0044,C004,2025-02-17,P171,BedakBayi,KebutuhanBayi,4
T0045,C036,2025-12-28,P288,TahuBeku,Frozen,2
T0045,C036,2025-12-28,P005,GulaPasir,Sembako,5
T0045,C036,2025-12-28,P058,PuddingInstan,Snack,1
T0045,C036,2025-12-28,P039,SerealSarapan,Makanan,3
T0046,C038,2025-10-10,P221,Lilin,Peralatan,1
T0046,C038,2025-10-10,P066,Granola,Snack,3
T0047,C024,2025-01-21,P108,KalduAyam,Bumbu,3
T0047,C024,2025-01-21,P128,PembersiKaca,Kebersihan,5
T0047,C024,2025-01-21,P053,PopcornInstan,Snack,4
T0048,C040,2025-03-21,P084,KwetiawKering,Sembako,4
T0048,C040,2025-03-21,P091,BawangPutih,Sembako,1
T0049,C012,2025-06-20,P128,PembersiKaca,Kebersihan,4
T0049,C012,2025-06-20,P137,TissuKering,Kebersihan,1
T0049,C012,2025-06-20,P082,BihunKering,Sembako,4
T0049,C012,2025-06-20,P056,CoklatBatang,Snack,2
T0050,C013,2025-08-24,P157,FiletIkan,Frozen,1
T0050,C013,2025-08-24,P117,BumbuBalado,Bumbu,2
T0050,C013,2025-08-24,P115,BumbuOpor,Bumbu,4
T0051,C022,2025-05-23,P143,HandSanitizer,Kebersihan,3
T0052,C042,2025-09-18,P275,BumbuSopIga,Bumbu,3
T0052,C042,2025-09-18,P170,MinyakTelon,KebutuhanBayi,2
T0052,C042,2025-09-18,P015,MieKuah,Makanan,5
T0052,C042,2025-09-18,P060,RotiKering,Snack,3
T0053,C003,2025-02-25,P223,IsolasiPlastik,Peralatan,1
T0053,C003,2025-02-25,P177,BotolSusu,KebutuhanBayi,4
T0053,C003,2025-02-25,P161,RotiBun,Frozen,5
T0053,C003,2025-02-25,P224,GuntiKecil,Peralatan,2
T0053,C003,2025-02-25,P262,JusJeruk,Minuman,3
T0054,C003,2025-12-29,P001,MieInstan,Makanan,3
T0054,C003,2025-12-29,P267,GaramBeryodium,Bumbu,4
T0054,C003,2025-12-29,P276,DeterjenPodsCuci,Kebersihan,1
T0054,C003,2025-12-29,P101,DaunSalam,Bumbu,3
T0055,C040,2025-06-10,P154,JagungBeku,Frozen,5
T0056,C020,2025-12-08,P168,BiskuitBayi,KebutuhanBayi,2
T0056,C020,2025-12-08,P207,SponBuatPiring,Peralatan,2
T0056,C020,2025-12-08,P152,DimSumFrozen,Frozen,4
T0056,C020,2025-12-08,P284,KemiriBulat,Sembako,4
T0057,C044,2025-03-31,P292,KrimAntiNyeri,Kesehatan,3
T0057,C044,2025-03-31,P155,EdamameKupas,Frozen,3
T0057,C044,2025-03-31,P208,SikatLantai,Peralatan,2
T0057,C044,2025-03-31,P281,TepungHunkue,Sembako,4
T0057,C044,2025-03-31,P001,MieInstan,Makanan,5
T0058,C039,2025-12-02,P239,SusuKental,Makanan,5
T0058,C039,2025-12-02,P227,JemuranBaju,Peralatan,4
T0058,C039,2025-12-02,P110,KalduJamur,Bumbu,2
T0059,C043,2025-02-13,P264,JusJambu,Minuman,2
T0059,C043,2025-02-13,P172,SabunBayi,KebutuhanBayi,3
T0059,C043,2025-02-13,P048,MaduMurni,Makanan,2
T0060,C013,2025-03-17,P024,TehKotak,Minuman,2
T0061,C031,2025-11-09,P234,GelatingBubuk,Makanan,4
T0062,C041,2025-10-22,P197,Betadine,Kesehatan,4
T0062,C041,2025-10-22,P254,KopiTubruk,Minuman,2
T0063,C010,2025-12-02,P055,PermenSusu,Snack,4
T0064,C015,2025-04-01,P238,CoklatBubuk,Makanan,4
T0064,C015,2025-04-01,P026,MinumanSoda,Minuman,2
T0064,C015,2025-04-01,P286,NuggetIkan,Frozen,4
T0064,C015,2025-04-01,P128,PembersiKaca,Kebersihan,5
T0064,C015,2025-04-01,P063,KrupukMentah,Snack,5
T0065,C039,2025-06-12,P259,BandrekInstan,Minuman,2
T0065,C039,2025-06-12,P219,TermosPanas,Peralatan,4
T0065,C039,2025-06-12,P281,TepungHunkue,Sembako,4
T0065,C039,2025-06-12,P229,JepitJemuran,Peralatan,3
T0066,C049,2025-05-07,P267,GaramBeryodium,Bumbu,3
T0066,C049,2025-05-07,P249,ManisanPala,Snack,4
T0066,C049,2025-05-07,P123,SabunBatang,Kebersihan,1
T0067,C046,2025-05-27,P140,ObatKumur,Kebersihan,3
T0067,C046,2025-05-27,P172,SabunBayi,KebutuhanBayi,5
T0068,C006,2025-03-12,P119,BumbuSateAyam,Bumbu,2
T0068,C006,2025-03-12,P197,Betadine,Kesehatan,2
T0069,C005,2025-08-01,P170,MinyakTelon,KebutuhanBayi,1
T0069,C005,2025-08-01,P278,PembersiKarpet,Kebersihan,2
T0069,C005,2025-08-01,P239,SusuKental,Makanan,4
T0069,C005,2025-08-01,P213,SendetanMakan,Peralatan,4
T0070,C050,2025-10-27,P295,MinyakIkanKapsul,Kesehatan,4
T0071,C031,2025-01-04,P153,KentangBeku,Frozen,5
T0071,C031,2025-01-04,P200,Termometer,Kesehatan,5
T0071,C031,2025-01-04,P215,GelasPlastik,Peralatan,5
T0072,C015,2025-09-07,P140,ObatKumur,Kebersihan,4
T0072,C015,2025-09-07,P224,GuntiKecil,Peralatan,1
T0073,C025,2025-06-22,P085,BerasJagung,Sembako,1
T0073,C025,2025-06-22,P240,KrimKopi,Makanan,4
T0073,C025,2025-06-22,P066,Granola,Snack,5
T0073,C025,2025-06-22,P274,BumbuNasiKuning,Bumbu,5
T0074,C043,2025-01-14,P220,KorekApi,Peralatan,2
T0075,C030,2025-04-04,P134,PengharumRuang,Kebersihan,4
T0076,C021,2025-04-19,P168,BiskuitBayi,KebutuhanBayi,4
T0076,C021,2025-04-19,P173,ShampoBayi,KebutuhanBayi,3
T0076,C021,2025-04-19,P195,SarungTanganLatex,Kesehatan,1
T0076,C021,2025-04-19,P143,HandSanitizer,Kebersihan,4
T0077,C002,2025-10-04,P180,MinyakKayuPutih,KebutuhanBayi,2
T0078,C042,2025-02-05,P016,GaramHalus,Bumbu,2
T0079,C013,2025-01-11,P079,MinyakZaitun,Sembako,5
T0079,C013,2025-01-11,P123,SabunBatang,Kebersihan,2
T0079,C013,2025-01-11,P065,StickKeju,Snack,4
T0079,C013,2025-01-11,P243,KeripikJamur,Snack,3
T0079,C013,2025-01-11,P059,JellyInstan,Snack,3
T0080,C011,2025-11-07,P059,JellyInstan,Snack,1
T0080,C011,2025-11-07,P084,KwetiawKering,Sembako,3
T0080,C011,2025-11-07,P160,PizzaMini,Frozen,5
T0080,C011,2025-11-07,P056,CoklatBatang,Snack,4
T0080,C011,2025-11-07,P297,BateraiAA,Peralatan,4
T0081,C046,2025-04-12,P125,DeterjenBubuk,Kebersihan,1
T0082,C045,2025-06-04,P062,DodolTradi,Snack,4
T0082,C045,2025-06-04,P290,RotiPizza,Frozen,3
T0082,C045,2025-06-04,P022,SusuBubuk,Minuman,1
T0082,C045,2025-06-04,P178,DotBayi,KebutuhanBayi,5
T0082,C045,2025-06-04,P273,MisoInstan,Bumbu,3
T0083,C001,2025-08-04,P055,PermenSusu,Snack,2
T0083,C001,2025-08-04,P222,TaliRafia,Peralatan,4
T0083,C001,2025-08-04,P186,ObatSakitKepala,Kesehatan,2
T0083,C001,2025-08-04,P236,BakingSoda,Makanan,5
T0084,C042,2025-05-19,P276,DeterjenPodsCuci,Kebersihan,3
T0084,C042,2025-05-19,P248,KeripikWortel,Snack,2
T0084,C042,2025-05-19,P239,SusuKental,Makanan,1
T0084,C042,2025-05-19,P224,GuntiKecil,Peralatan,3
T0084,C042,2025-05-19,P138,KapasWajah,Kebersihan,4
T0085,C016,2025-08-26,P195,SarungTanganLatex,Kesehatan,2
T0085,C016,2025-08-26,P173,ShampoBayi,KebutuhanBayi,4
T0085,C016,2025-08-26,P015,MieKuah,Makanan,2
T0085,C016,2025-08-26,P254,KopiTubruk,Minuman,3
T0085,C016,2025-08-26,P167,MakananBayi,KebutuhanBayi,3
T0086,C022,2025-05-24,P142,DeodoranStick,Kebersihan,1
T0086,C022,2025-05-24,P285,DaunPandan,Sembako,2
T0086,C022,2025-05-24,P006,SusuCair,Minuman,4
T0086,C022,2025-05-24,P265,NektarBuah,Minuman,4
T0086,C022,2025-05-24,P098,PalaBubuk,Bumbu,5
T0087,C049,2025-05-04,P252,SusuOat,Minuman,3
T0087,C049,2025-05-04,P230,SelotipBening,Peralatan,2
T0087,C049,2025-05-04,P009,ShampoRambut,Kebersihan,4
T0087,C049,2025-05-04,P048,MaduMurni,Makanan,2
T0088,C020,2025-12-06,P189,Multivitamin,Kesehatan,4
T0088,C020,2025-12-06,P243,KeripikJamur,Snack,5
T0088,C020,2025-12-06,P284,KemiriBulat,Sembako,3
T0088,C020,2025-12-06,P272,SausPedas,Bumbu,3
T0088,C020,2025-12-06,P177,BotolSusu,KebutuhanBayi,4
T0089,C018,2025-06-06,P119,BumbuSateAyam,Bumbu,3
T0089,C018,2025-06-06,P062,DodolTradi,Snack,1
T0089,C018,2025-06-06,P099,KayuManis,Bumbu,5
T0090,C049,2025-12-20,P099,KayuManis,Bumbu,4
T0090,C049,2025-12-20,P111,BumbuGulai,Bumbu,3
T0091,C047,2025-10-29,P145,PembersiMuka,Kebersihan,3
T0091,C047,2025-10-29,P052,KacangGoreng,Snack,2
T0091,C047,2025-10-29,P100,CengkehUtuh,Bumbu,3
T0091,C047,2025-10-29,P152,DimSumFrozen,Frozen,1
T0091,C047,2025-10-29,P117,BumbuBalado,Bumbu,5
T0092,C009,2025-05-21,P028,MinumanIsotonik,Minuman,5
T0093,C019,2025-12-24,P252,SusuOat,Minuman,1
T0093,C019,2025-12-24,P053,PopcornInstan,Snack,5
T0094,C019,2025-08-29,P226,SetrikanMini,Peralatan,3
T0094,C019,2025-08-29,P175,TissuBayi,KebutuhanBayi,4
T0094,C019,2025-08-29,P095,KunyitBubuk,Sembako,1
T0094,C019,2025-08-29,P027,SirupBuah,Minuman,1
T0095,C026,2025-09-09,P296,LampuLED,Peralatan,1
T0096,C010,2025-03-18,P156,UdangBeku,Frozen,4
T0096,C010,2025-03-18,P044,KacangHijau,Makanan,5
T0096,C010,2025-03-18,P128,PembersiKaca,Kebersihan,5
T0096,C010,2025-03-18,P061,KueKering,Snack,5
T0096,C010,2025-03-18,P286,NuggetIkan,Frozen,2
T0097,C050,2025-09-25,P231,AyamKaleng,Makanan,3
T0097,C050,2025-09-25,P227,JemuranBaju,Peralatan,5
T0097,C050,2025-09-25,P153,KentangBeku,Frozen,5
T0097,C050,2025-09-25,P220,KorekApi,Peralatan,1
T0098,C040,2025-02-20,P109,KalduSapi,Bumbu,1
T0098,C040,2025-02-20,P136,TissuBasah,Kebersihan,2
T0099,C016,2025-03-30,P039,SerealSarapan,Makanan,5
T0099,C016,2025-03-30,P081,SantanKelapa,Sembako,4
T0099,C016,2025-03-30,P002,Telur,Makanan,3
T0099,C016,2025-03-30,P210,PengkiSampah,Peralatan,1
T0099,C016,2025-03-30,P231,AyamKaleng,Makanan,2
T0100,C019,2025-12-28,P233,AgarAgarBubuk,Makanan,3
T0100,C019,2025-12-28,P037,SelaiKacang,Makanan,5
T0100,C019,2025-12-28,P120,SambalOelek,Bumbu,2
T0101,C028,2025-02-28,P116,BumbuRawon,Bumbu,1
T0101,C028,2025-02-28,P077,TepungPanir,Sembako,2
T0101,C028,2025-02-28,P137,TissuKering,Kebersihan,3
T0101,C028,2025-02-28,P073,JagungPipil,Sembako,5
T0101,C028,2025-02-28,P037,SelaiKacang,Makanan,5
T0102,C019,2025-08-13,P240,KrimKopi,Makanan,3
T0103,C045,2025-07-26,P257,TehOolong,Minuman,4
T0103,C045,2025-07-26,P277,PelicSepatu,Kebersihan,1
T0103,C045,2025-07-26,P253,AirKelapa,Minuman,5
T0104,C003,2025-08-10,P129,PemutihPakaian,Kebersihan,2
T0104,C003,2025-08-10,P014,PastaGigi,Kebersihan,5
T0104,C003,2025-08-10,P047,SpagetiKering,Makanan,5
T0105,C002,2025-12-11,P296,LampuLED,Peralatan,4
T0105,C002,2025-12-11,P021,AirMineral,Minuman,5
T0105,C002,2025-12-11,P090,BawangMerah,Sembako,4
T0106,C018,2025-04-03,P224,GuntiKecil,Peralatan,4
T0106,C018,2025-04-03,P252,SusuOat,Minuman,3
T0106,C018,2025-04-03,P047,SpagetiKering,Makanan,3
T0106,C018,2025-04-03,P241,KeripikTalas,Snack,1
T0106,C018,2025-04-03,P179,KrimRuamBayi,KebutuhanBayi,2
T0107,C022,2025-07-30,P148,SosisSapi,Frozen,4
T0107,C022,2025-07-30,P206,KantongSampah,Peralatan,1
T0107,C022,2025-07-30,P282,SagunMutiara,Sembako,3
T0107,C022,2025-07-30,P019,MentegaKrim,Sembako,3
T0108,C021,2025-03-01,P264,JusJambu,Minuman,4
T0108,C021,2025-03-01,P001,MieInstan,Makanan,1
T0108,C021,2025-03-01,P278,PembersiKarpet,Kebersihan,2
T0108,C021,2025-03-01,P237,VaniliBubuk,Makanan,5
T0109,C024,2025-11-15,P227,JemuranBaju,Peralatan,5
T0109,C024,2025-11-15,P027,SirupBuah,Minuman,2
T0109,C024,2025-11-15,P105,SausTomat,Bumbu,3
T0109,C024,2025-11-15,P137,TissuKering,Kebersihan,4
T0110,C045,2025-09-06,P015,MieKuah,Makanan,5
T0111,C016,2025-12-30,P160,PizzaMini,Frozen,1
T0111,C016,2025-12-30,P283,AsamJawa,Sembako,5
T0112,C027,2025-02-17,P059,JellyInstan,Snack,1
T0112,C027,2025-02-17,P237,VaniliBubuk,Makanan,2
T0113,C032,2025-05-30,P140,ObatKumur,Kebersihan,4
T0113,C032,2025-05-30,P213,SendetanMakan,Peralatan,5
T0113,C032,2025-05-30,P248,KeripikWortel,Snack,2
T0113,C032,2025-05-30,P242,KeripikApel,Snack,4
T0113,C032,2025-05-30,P125,DeterjenBubuk,Kebersihan,2
T0114,C039,2025-09-18,P036,IkanKaleng,Makanan,4
T0114,C039,2025-09-18,P142,DeodoranStick,Kebersihan,3
T0115,C033,2025-05-17,P145,PembersiMuka,Kebersihan,3
T0116,C038,2025-10-24,P077,TepungPanir,Sembako,3
T0116,C038,2025-10-24,P229,JepitJemuran,Peralatan,3
T0116,C038,2025-10-24,P276,DeterjenPodsCuci,Kebersihan,5
T0116,C038,2025-10-24,P248,KeripikWortel,Snack,5
T0117,C025,2025-08-22,P097,KetumbarBubuk,Bumbu,4
T0117,C025,2025-08-22,P123,SabunBatang,Kebersihan,2
T0117,C025,2025-08-22,P293,ObatAlergi,Kesehatan,4
T0118,C003,2025-06-12,P196,AlkoholSwab,Kesehatan,1
T0118,C003,2025-06-12,P198,OralitBubuk,Kesehatan,2
T0118,C003,2025-06-12,P078,MinyakWijen,Sembako,5
T0118,C003,2025-06-12,P254,KopiTubruk,Minuman,5
T0119,C022,2025-02-21,P052,KacangGoreng,Snack,2
T0119,C022,2025-02-21,P270,BumbuTomYam,Bumbu,4
T0119,C022,2025-02-21,P234,GelatingBubuk,Makanan,2
T0119,C022,2025-02-21,P008,SabunMandi,Kebersihan,1
T0120,C031,2025-05-16,P204,AluminiumFoil,Peralatan,5
T0120,C031,2025-05-16,P042,KelapaParut,Makanan,4
T0120,C031,2025-05-16,P169,BubukSerealBayi,KebutuhanBayi,3
T0121,C041,2025-09-07,P019,MentegaKrim,Sembako,1
T0121,C041,2025-09-07,P036,IkanKaleng,Makanan,4
T0121,C041,2025-09-07,P121,SabunCuciPiring,Kebersihan,1
T0121,C041,2025-09-07,P148,SosisSapi,Frozen,1
T0121,C041,2025-09-07,P117,BumbuBalado,Bumbu,4
T0122,C011,2025-12-22,P015,MieKuah,Makanan,1
T0122,C011,2025-12-22,P024,TehKotak,Minuman,3
T0122,C011,2025-12-22,P167,MakananBayi,KebutuhanBayi,3
T0123,C024,2025-08-09,P126,DeterjenCair,Kebersihan,4
T0123,C024,2025-08-09,P272,SausPedas,Bumbu,5
T0124,C044,2025-04-03,P090,BawangMerah,Sembako,5
T0124,C044,2025-04-03,P041,BubukCokelat,Makanan,4
T0125,C040,2025-12-16,P255,TehHijau,Minuman,2
T0125,C040,2025-12-16,P299,StekerColokan,Peralatan,2
T0126,C030,2025-11-23,P236,BakingSoda,Makanan,4
T0126,C030,2025-11-23,P131,KaburPembersih,Kebersihan,3
T0126,C030,2025-11-23,P005,GulaPasir,Sembako,5
T0127,C011,2025-02-07,P177,BotolSusu,KebutuhanBayi,4
T0127,C011,2025-02-07,P154,JagungBeku,Frozen,3
T0127,C011,2025-02-07,P218,BotolMinum,Peralatan,2
T0127,C011,2025-02-07,P129,PemutihPakaian,Kebersihan,4
T0128,C031,2025-02-24,P196,AlkoholSwab,Kesehatan,3
T0128,C031,2025-02-24,P293,ObatAlergi,Kesehatan,5
T0129,C019,2025-12-25,P012,TehCelup,Minuman,1
T0129,C019,2025-12-25,P203,WrapPlastik,Peralatan,5
T0129,C019,2025-12-25,P141,BenangGigi,Kebersihan,1
T0130,C039,2025-09-12,P118,BumbuPecel,Bumbu,2
T0130,C039,2025-09-12,P181,ObatDemam,Kesehatan,5
T0130,C039,2025-09-12,P113,BumbuSoto,Bumbu,3
T0131,C044,2025-12-04,P050,KeripikKentang,Snack,3
T0131,C044,2025-12-04,P021,AirMineral,Minuman,4
T0132,C003,2025-10-24,P068,KacangAtom,Snack,3
T0132,C003,2025-10-24,P047,SpagetiKering,Makanan,4
T0132,C003,2025-10-24,P152,DimSumFrozen,Frozen,2
T0133,C013,2025-03-09,P188,VitaminD,Kesehatan,3
T0133,C013,2025-03-09,P272,SausPedas,Bumbu,4
T0133,C013,2025-03-09,P257,TehOolong,Minuman,3
T0133,C013,2025-03-09,P140,ObatKumur,Kebersihan,3
T0133,C013,2025-03-09,P085,BerasJagung,Sembako,1
T0134,C030,2025-02-08,P116,BumbuRawon,Bumbu,5
T0134,C030,2025-02-08,P204,AluminiumFoil,Peralatan,3
T0135,C006,2025-07-22,P136,TissuBasah,Kebersihan,5
T0136,C008,2025-08-21,P135,KamperPewangi,Kebersihan,3
T0136,C008,2025-08-21,P300,KabelRoll,Peralatan,1
T0136,C008,2025-08-21,P196,AlkoholSwab,Kesehatan,2
T0137,C031,2025-01-13,P288,TahuBeku,Frozen,3
T0137,C031,2025-01-13,P168,BiskuitBayi,KebutuhanBayi,4
T0137,C031,2025-01-13,P114,BumbuNasiGoreng,Bumbu,1
T0137,C031,2025-01-13,P033,RotiIsi,Makanan,2
T0137,C031,2025-01-13,P238,CoklatBubuk,Makanan,1
T0138,C003,2025-06-05,P060,RotiKering,Snack,2
T0138,C003,2025-06-05,P050,KeripikKentang,Snack,4
T0138,C003,2025-06-05,P121,SabunCuciPiring,Kebersihan,4
T0138,C003,2025-06-05,P276,DeterjenPodsCuci,Kebersihan,3
T0139,C043,2025-12-23,P215,GelasPlastik,Peralatan,5
T0139,C043,2025-12-23,P080,MinyakKelapa,Sembako,4
T0139,C043,2025-12-23,P213,SendetanMakan,Peralatan,3
T0139,C043,2025-12-23,P051,KeripikPisang,Snack,1
T0139,C043,2025-12-23,P251,SusuAlmond,Minuman,3
T0140,C014,2025-08-16,P121,SabunCuciPiring,Kebersihan,5
T0140,C014,2025-08-16,P186,ObatSakitKepala,Kesehatan,3
T0140,C014,2025-08-16,P051,KeripikPisang,Snack,1
T0140,C014,2025-08-16,P189,Multivitamin,Kesehatan,4
T0141,C018,2025-04-08,P233,AgarAgarBubuk,Makanan,1
T0142,C043,2025-04-19,P011,MinyakGoreng,Sembako,5
T0142,C043,2025-04-19,P026,MinumanSoda,Minuman,2
T0142,C043,2025-04-19,P171,BedakBayi,KebutuhanBayi,1
T0142,C043,2025-04-19,P125,DeterjenBubuk,Kebersihan,5
T0142,C043,2025-04-19,P065,StickKeju,Snack,2
T0143,C038,2025-04-21,P169,BubukSerealBayi,KebutuhanBayi,5
T0143,C038,2025-04-21,P076,TepungKanji,Sembako,1
T0144,C018,2025-03-16,P277,PelicSepatu,Kebersihan,2
T0144,C018,2025-03-16,P129,PemutihPakaian,Kebersihan,1
T0145,C043,2025-01-14,P008,SabunMandi,Kebersihan,2
T0145,C043,2025-01-14,P184,ObatMaag,Kesehatan,5
T0146,C021,2025-01-09,P136,TissuBasah,Kebersihan,2
T0146,C021,2025-01-09,P027,SirupBuah,Minuman,4
T0147,C034,2025-02-28,P244,KeripikTempe,Snack,4
T0148,C050,2025-07-05,P056,CoklatBatang,Snack,5
T0148,C050,2025-07-05,P232,TunaSarden,Makanan,3
T0148,C050,2025-07-05,P258,WedangJahe,Minuman,4
T0148,C050,2025-07-05,P114,BumbuNasiGoreng,Bumbu,1
T0148,C050,2025-07-05,P023,KopiSachet,Minuman,1
T0149,C031,2025-07-25,P056,CoklatBatang,Snack,1
T0149,C031,2025-07-25,P252,SusuOat,Minuman,3
T0149,C031,2025-07-25,P228,GantunganBaju,Peralatan,5
T0149,C031,2025-07-25,P038,SelaiStroberi,Makanan,2
T0150,C005,2025-03-06,P300,KabelRoll,Peralatan,4
T0150,C005,2025-03-06,P281,TepungHunkue,Sembako,5
T0150,C005,2025-03-06,P167,MakananBayi,KebutuhanBayi,5
T0151,C019,2025-08-21,P221,Lilin,Peralatan,4
T0151,C019,2025-08-21,P051,KeripikPisang,Snack,4
T0151,C019,2025-08-21,P059,JellyInstan,Snack,2
T0151,C019,2025-08-21,P283,AsamJawa,Sembako,4
T0151,C019,2025-08-21,P111,BumbuGulai,Bumbu,3
T0152,C030,2025-07-24,P049,KeripikSingkong,Snack,3
T0152,C030,2025-07-24,P161,RotiBun,Frozen,2
T0152,C030,2025-07-24,P219,TermosPanas,Peralatan,4
T0152,C030,2025-07-24,P131,KaburPembersih,Kebersihan,1
T0153,C006,2025-02-13,P222,TaliRafia,Peralatan,1
T0154,C048,2025-07-10,P285,DaunPandan,Sembako,5
T0154,C048,2025-07-10,P031,NasiBox,Makanan,5
T0155,C036,2025-06-18,P211,KainPel,Peralatan,3
T0156,C043,2025-08-05,P148,SosisSapi,Frozen,5
T0157,C020,2025-06-30,P296,LampuLED,Peralatan,5
T0158,C014,2025-03-21,P115,BumbuOpor,Bumbu,3
T0158,C014,2025-03-21,P056,CoklatBatang,Snack,1
T0158,C014,2025-03-21,P180,MinyakKayuPutih,KebutuhanBayi,3
T0158,C014,2025-03-21,P285,DaunPandan,Sembako,5
T0159,C015,2025-08-08,P286,NuggetIkan,Frozen,3
T0159,C015,2025-08-08,P014,PastaGigi,Kebersihan,3
T0159,C015,2025-08-08,P137,TissuKering,Kebersihan,3
T0159,C015,2025-08-08,P015,MieKuah,Makanan,3
T0159,C015,2025-08-08,P093,CabaiRawit,Sembako,1
T0160,C012,2025-03-15,P206,KantongSampah,Peralatan,5
T0160,C012,2025-03-15,P036,IkanKaleng,Makanan,2
T0160,C012,2025-03-15,P073,JagungPipil,Sembako,4
T0160,C012,2025-03-15,P016,GaramHalus,Bumbu,4
T0160,C012,2025-03-15,P047,SpagetiKering,Makanan,4
T0161,C022,2025-03-22,P160,PizzaMini,Frozen,5
T0161,C022,2025-03-22,P167,MakananBayi,KebutuhanBayi,1
T0161,C022,2025-03-22,P291,PopokDewasa,Kesehatan,1
T0162,C010,2025-03-22,P026,MinumanSoda,Minuman,4
T0162,C010,2025-03-22,P042,KelapaParut,Makanan,5
T0162,C010,2025-03-22,P140,ObatKumur,Kebersihan,4
T0162,C010,2025-03-22,P227,JemuranBaju,Peralatan,4
T0162,C010,2025-03-22,P218,BotolMinum,Peralatan,3
T0163,C014,2025-09-20,P177,BotolSusu,KebutuhanBayi,4
T0164,C008,2025-05-26,P250,DodolGarut,Snack,4
T0164,C008,2025-05-26,P270,BumbuTomYam,Bumbu,5
T0164,C008,2025-05-26,P158,AyamPotong,Frozen,1
T0164,C008,2025-05-26,P024,TehKotak,Minuman,1
T0164,C008,2025-05-26,P113,BumbuSoto,Bumbu,2
T0165,C020,2025-04-19,P131,KaburPembersih,Kebersihan,3
T0165,C020,2025-04-19,P149,BaksoSapi,Frozen,1
T0166,C001,2025-09-12,P090,BawangMerah,Sembako,2
T0166,C001,2025-09-12,P067,TrailMix,Snack,5
T0166,C001,2025-09-12,P195,SarungTanganLatex,Kesehatan,5
T0166,C001,2025-09-12,P273,MisoInstan,Bumbu,3
T0167,C005,2025-07-23,P224,GuntiKecil,Peralatan,1
T0168,C030,2025-02-09,P295,MinyakIkanKapsul,Kesehatan,4
T0168,C030,2025-02-09,P220,KorekApi,Peralatan,4
T0168,C030,2025-02-09,P294,ObatCacing,Kesehatan,3
T0169,C008,2025-07-27,P167,MakananBayi,KebutuhanBayi,2
T0170,C040,2025-08-24,P046,Makaroni,Makanan,2
T0170,C040,2025-08-24,P224,GuntiKecil,Peralatan,4
T0170,C040,2025-08-24,P055,PermenSusu,Snack,5
T0171,C026,2025-09-26,P203,WrapPlastik,Peralatan,3
T0172,C048,2025-06-23,P171,BedakBayi,KebutuhanBayi,1
T0172,C048,2025-06-23,P087,BerasHitam,Sembako,5
T0173,C041,2025-02-28,P262,JusJeruk,Minuman,2
T0173,C041,2025-02-28,P100,CengkehUtuh,Bumbu,1
T0173,C041,2025-02-28,P179,KrimRuamBayi,KebutuhanBayi,2
T0173,C041,2025-02-28,P180,MinyakKayuPutih,KebutuhanBayi,3
T0173,C041,2025-02-28,P076,TepungKanji,Sembako,2
T0174,C012,2025-11-05,P039,SerealSarapan,Makanan,4
T0174,C012,2025-11-05,P091,BawangPutih,Sembako,4
T0175,C049,2025-10-16,P230,SelotipBening,Peralatan,4
T0175,C049,2025-10-16,P290,RotiPizza,Frozen,1
T0175,C049,2025-10-16,P166,SusuFormula,KebutuhanBayi,4
T0175,C049,2025-10-16,P162,RotiSobek,Frozen,4
T0175,C049,2025-10-16,P078,MinyakWijen,Sembako,3
T0176,C018,2025-10-30,P181,ObatDemam,Kesehatan,5
T0177,C005,2025-06-08,P232,TunaSarden,Makanan,3
T0177,C005,2025-06-08,P020,KerupukUdang,Snack,1
T0177,C005,2025-06-08,P030,YogurtCup,Minuman,1
T0177,C005,2025-06-08,P189,Multivitamin,Kesehatan,5
T0178,C039,2025-09-17,P237,VaniliBubuk,Makanan,4
T0178,C039,2025-09-17,P298,BateraiAAA,Peralatan,5
T0178,C039,2025-09-17,P284,KemiriBulat,Sembako,2
T0178,C039,2025-09-17,P022,SusuBubuk,Minuman,3
T0179,C039,2025-09-01,P078,MinyakWijen,Sembako,1
T0179,C039,2025-09-01,P032,MieGoreng,Makanan,5
T0179,C039,2025-09-01,P231,AyamKaleng,Makanan,2
T0179,C039,2025-09-01,P053,PopcornInstan,Snack,1
T0179,C039,2025-09-01,P176,PopokBayi,KebutuhanBayi,2
T0180,C046,2025-08-13,P269,BumbuKare,Bumbu,3
T0180,C046,2025-08-13,P268,BumbuGadoGado,Bumbu,3
T0180,C046,2025-08-13,P082,BihunKering,Sembako,4
T0180,C046,2025-08-13,P187,VitaminC,Kesehatan,4
T0181,C050,2025-06-23,P027,SirupBuah,Minuman,5
T0181,C050,2025-06-23,P172,SabunBayi,KebutuhanBayi,4
T0181,C050,2025-06-23,P034,Sarden,Makanan,3
T0181,C050,2025-06-23,P169,BubukSerealBayi,KebutuhanBayi,3
T0181,C050,2025-06-23,P049,KeripikSingkong,Snack,5
T0182,C010,2025-06-20,P299,StekerColokan,Peralatan,2
T0183,C023,2025-06-08,P067,TrailMix,Snack,4
T0183,C023,2025-06-08,P044,KacangHijau,Makanan,3
T0183,C023,2025-06-08,P159,DagingGiling,Frozen,2
T0183,C023,2025-06-08,P287,TempeBeku,Frozen,5
T0184,C006,2025-11-27,P261,MinumanCokelat,Minuman,2
T0184,C006,2025-11-27,P186,ObatSakitKepala,Kesehatan,2
T0184,C006,2025-11-27,P010,BerasPutih,Sembako,3
T0184,C006,2025-11-27,P159,DagingGiling,Frozen,4
T0185,C013,2025-04-26,P080,MinyakKelapa,Sembako,3
T0185,C013,2025-04-26,P040,OatmealInstan,Makanan,1
T0186,C033,2025-10-04,P020,KerupukUdang,Snack,2
T0186,C033,2025-10-04,P173,ShampoBayi,KebutuhanBayi,2
T0186,C033,2025-10-04,P068,KacangAtom,Snack,5
T0186,C033,2025-10-04,P193,KasaSteril,Kesehatan,2
T0186,C033,2025-10-04,P079,MinyakZaitun,Sembako,4
T0187,C003,2025-07-30,P122,SabunCuciTangan,Kebersihan,4
T0187,C003,2025-07-30,P228,GantunganBaju,Peralatan,2
T0187,C003,2025-07-30,P146,NuggetAyam,Frozen,5
T0188,C016,2025-06-08,P100,CengkehUtuh,Bumbu,4
T0188,C016,2025-06-08,P189,Multivitamin,Kesehatan,3
T0188,C016,2025-06-08,P293,ObatAlergi,Kesehatan,4
T0188,C016,2025-06-08,P226,SetrikanMini,Peralatan,5
T0189,C034,2025-08-03,P103,SausTiram,Bumbu,3
T0189,C034,2025-08-03,P071,GulaMerah,Sembako,1
T0190,C042,2025-09-04,P284,KemiriBulat,Sembako,1
T0190,C042,2025-09-04,P053,PopcornInstan,Snack,3
T0190,C042,2025-09-04,P265,NektarBuah,Minuman,1
T0191,C049,2025-03-24,P231,AyamKaleng,Makanan,4
T0191,C049,2025-03-24,P263,JusMangga,Minuman,1
T0191,C049,2025-03-24,P076,TepungKanji,Sembako,2
T0192,C029,2025-06-28,P213,SendetanMakan,Peralatan,1
T0193,C026,2025-09-15,P121,SabunCuciPiring,Kebersihan,3
T0193,C026,2025-09-15,P198,OralitBubuk,Kesehatan,2
T0193,C026,2025-09-15,P042,KelapaParut,Makanan,1
T0194,C021,2025-02-20,P075,TepungMaizena,Sembako,3
T0194,C021,2025-02-20,P071,GulaMerah,Sembako,4
T0194,C021,2025-02-20,P020,KerupukUdang,Snack,2
T0195,C049,2025-12-28,P230,SelotipBening,Peralatan,3
T0195,C049,2025-12-28,P003,SausSambal,Bumbu,2
T0195,C049,2025-12-28,P041,BubukCokelat,Makanan,2
T0195,C049,2025-12-28,P010,BerasPutih,Sembako,5
T0196,C047,2025-11-08,P217,TupperwareBox,Peralatan,1
T0196,C047,2025-11-08,P057,Marshmallow,Snack,1
T0196,C047,2025-11-08,P148,SosisSapi,Frozen,2
T0196,C047,2025-11-08,P122,SabunCuciTangan,Kebersihan,4
T0196,C047,2025-11-08,P155,EdamameKupas,Frozen,5
T0197,C030,2025-02-02,P256,TehMelati,Minuman,5
T0198,C035,2025-01-09,P295,MinyakIkanKapsul,Kesehatan,1
T0198,C035,2025-01-09,P124,SabunCairMandi,Kebersihan,5
T0198,C035,2025-01-09,P074,TepungBeras,Sembako,3
T0198,C035,2025-01-09,P150,BaksoIkan,Frozen,2
T0198,C035,2025-01-09,P220,KorekApi,Peralatan,5
T0199,C027,2025-04-06,P269,BumbuKare,Bumbu,3
T0200,C005,2025-09-27,P260,SekotengInstan,Minuman,1
T0200,C005,2025-09-27,P284,KemiriBulat,Sembako,4
T0200,C005,2025-09-27,P011,MinyakGoreng,Sembako,3
T0200,C005,2025-09-27,P200,Termometer,Kesehatan,3
T0200,C005,2025-09-27,P241,KeripikTalas,Snack,1
T0201,C023,2025-02-04,P124,SabunCairMandi,Kebersihan,3
T0201,C023,2025-02-04,P054,WaferCokelat,Snack,2
T0201,C023,2025-02-04,P298,BateraiAAA,Peralatan,1
T0202,C023,2025-10-07,P090,BawangMerah,Sembako,2
T0202,C023,2025-10-07,P238,CoklatBubuk,Makanan,2
T0202,C023,2025-10-07,P246,Rempeyek,Snack,1
T0203,C046,2025-08-23,P151,OtakOtakIkan,Frozen,2
T0204,C003,2025-04-13,P162,RotiSobek,Frozen,3
T0205,C033,2025-07-23,P243,KeripikJamur,Snack,3
T0205,C033,2025-07-23,P130,PelembutPakaian,Kebersihan,1
T0205,C033,2025-07-23,P019,MentegaKrim,Sembako,3
T0205,C033,2025-07-23,P098,PalaBubuk,Bumbu,3
T0205,C033,2025-07-23,P147,SosisAyam,Frozen,1
T0206,C024,2025-08-12,P226,SetrikanMini,Peralatan,4
T0206,C024,2025-08-12,P198,OralitBubuk,Kesehatan,4
T0206,C024,2025-08-12,P174,LosionBayi,KebutuhanBayi,3
T0206,C024,2025-08-12,P096,LadaBubuk,Bumbu,5
T0207,C018,2025-02-12,P041,BubukCokelat,Makanan,3
T0207,C018,2025-02-12,P221,Lilin,Peralatan,3
T0207,C018,2025-02-12,P093,CabaiRawit,Sembako,1
T0207,C018,2025-02-12,P280,SabunCuciMobil,Kebersihan,1
T0208,C021,2025-12-05,P157,FiletIkan,Frozen,2
T0208,C021,2025-12-05,P229,JepitJemuran,Peralatan,4
T0208,C021,2025-12-05,P219,TermosPanas,Peralatan,3
T0209,C029,2025-01-22,P223,IsolasiPlastik,Peralatan,1
T0209,C029,2025-01-22,P141,BenangGigi,Kebersihan,4
T0209,C029,2025-01-22,P030,YogurtCup,Minuman,3
T0210,C033,2025-12-14,P016,GaramHalus,Bumbu,5
T0210,C033,2025-12-14,P074,TepungBeras,Sembako,4
T0211,C003,2025-03-06,P121,SabunCuciPiring,Kebersihan,3
T0212,C024,2025-07-16,P017,KecapManis,Bumbu,4
T0212,C024,2025-07-16,P079,MinyakZaitun,Sembako,1
T0212,C024,2025-07-16,P231,AyamKaleng,Makanan,5
T0212,C024,2025-07-16,P190,MinyakAngin,Kesehatan,2
T0212,C024,2025-07-16,P191,BalsemGosok,Kesehatan,5
T0213,C024,2025-07-23,P143,HandSanitizer,Kebersihan,1
T0213,C024,2025-07-23,P128,PembersiKaca,Kebersihan,2
T0213,C024,2025-07-23,P059,JellyInstan,Snack,4
T0214,C034,2025-07-18,P061,KueKering,Snack,5
T0214,C034,2025-07-18,P135,KamperPewangi,Kebersihan,3
T0214,C034,2025-07-18,P134,PengharumRuang,Kebersihan,4
T0214,C034,2025-07-18,P229,JepitJemuran,Peralatan,2
T0214,C034,2025-07-18,P110,KalduJamur,Bumbu,1
T0215,C009,2025-02-07,P089,KentangSegar,Sembako,3
T0215,C009,2025-02-07,P228,GantunganBaju,Peralatan,1
T0215,C009,2025-02-07,P045,KacangMerah,Makanan,5
T0215,C009,2025-02-07,P164,LumpiaBeku,Frozen,5
T0216,C019,2025-06-03,P090,BawangMerah,Sembako,5
T0216,C019,2025-06-03,P186,ObatSakitKepala,Kesehatan,2
T0217,C008,2025-04-13,P122,SabunCuciTangan,Kebersihan,1
T0217,C008,2025-04-13,P253,AirKelapa,Minuman,3
T0218,C036,2025-10-21,P240,KrimKopi,Makanan,5
T0218,C036,2025-10-21,P283,AsamJawa,Sembako,1
T0218,C036,2025-10-21,P067,TrailMix,Snack,1
T0219,C020,2025-07-23,P270,BumbuTomYam,Bumbu,1
T0219,C020,2025-07-23,P211,KainPel,Peralatan,2
T0219,C020,2025-07-23,P210,PengkiSampah,Peralatan,3
T0219,C020,2025-07-23,P295,MinyakIkanKapsul,Kesehatan,1
T0220,C029,2025-08-27,P177,BotolSusu,KebutuhanBayi,4
T0220,C029,2025-08-27,P066,Granola,Snack,5
T0220,C029,2025-08-27,P283,AsamJawa,Sembako,1
T0220,C029,2025-08-27,P094,JaheSeruk,Sembako,1
T0220,C029,2025-08-27,P067,TrailMix,Snack,5
T0221,C010,2025-06-05,P083,SohunKering,Sembako,2
T0221,C010,2025-06-05,P166,SusuFormula,KebutuhanBayi,3
T0222,C034,2025-05-26,P129,PemutihPakaian,Kebersihan,2
T0223,C041,2025-10-10,P065,StickKeju,Snack,1
T0223,C041,2025-10-10,P156,UdangBeku,Frozen,5
T0223,C041,2025-10-10,P274,BumbuNasiKuning,Bumbu,2
T0224,C038,2025-10-25,P088,UbiKayu,Sembako,5
T0224,C038,2025-10-25,P173,ShampoBayi,KebutuhanBayi,1
T0225,C002,2025-02-11,P296,LampuLED,Peralatan,3
T0226,C042,2025-04-18,P214,PiringMelamin,Peralatan,3
T0226,C042,2025-04-18,P016,GaramHalus,Bumbu,4
T0226,C042,2025-04-18,P255,TehHijau,Minuman,2
T0226,C042,2025-04-18,P280,SabunCuciMobil,Kebersihan,4
T0226,C042,2025-04-18,P149,BaksoSapi,Frozen,3
T0227,C030,2025-02-07,P081,SantanKelapa,Sembako,4
T0228,C027,2025-09-05,P105,SausTomat,Bumbu,3
T0228,C027,2025-09-05,P175,TissuBayi,KebutuhanBayi,3
T0228,C027,2025-09-05,P074,TepungBeras,Sembako,4
T0228,C027,2025-09-05,P161,RotiBun,Frozen,2
T0229,C049,2025-07-09,P288,TahuBeku,Frozen,1
T0229,C049,2025-07-09,P055,PermenSusu,Snack,3
T0229,C049,2025-07-09,P164,LumpiaBeku,Frozen,4
T0229,C049,2025-07-09,P124,SabunCairMandi,Kebersihan,2
T0229,C049,2025-07-09,P239,SusuKental,Makanan,2
T0230,C007,2025-01-26,P197,Betadine,Kesehatan,2
T0230,C007,2025-01-26,P215,GelasPlastik,Peralatan,3
T0230,C007,2025-01-26,P128,PembersiKaca,Kebersihan,5
T0231,C047,2025-06-10,P082,BihunKering,Sembako,5
T0231,C047,2025-06-10,P256,TehMelati,Minuman,4
T0232,C032,2025-06-07,P012,TehCelup,Minuman,4
T0232,C032,2025-06-07,P047,SpagetiKering,Makanan,2
T0232,C032,2025-06-07,P202,KantongPlastik,Peralatan,2
T0232,C032,2025-06-07,P259,BandrekInstan,Minuman,5
T0233,C023,2025-01-25,P145,PembersiMuka,Kebersihan,4
T0234,C039,2025-12-01,P147,SosisAyam,Frozen,4
T0234,C039,2025-12-01,P275,BumbuSopIga,Bumbu,2
T0234,C039,2025-12-01,P005,GulaPasir,Sembako,3
T0234,C039,2025-12-01,P056,CoklatBatang,Snack,3
T0235,C049,2025-07-26,P024,TehKotak,Minuman,5
T0235,C049,2025-07-26,P206,KantongSampah,Peralatan,5
T0235,C049,2025-07-26,P027,SirupBuah,Minuman,2
T0236,C024,2025-10-11,P038,SelaiStroberi,Makanan,4
T0236,C024,2025-10-11,P198,OralitBubuk,Kesehatan,5
T0236,C024,2025-10-11,P259,BandrekInstan,Minuman,3
T0237,C040,2025-12-15,P061,KueKering,Snack,3
T0237,C040,2025-12-15,P066,Granola,Snack,5
T0237,C040,2025-12-15,P050,KeripikKentang,Snack,3
T0237,C040,2025-12-15,P202,KantongPlastik,Peralatan,2
T0237,C040,2025-12-15,P192,PlesterLuka,Kesehatan,2
T0238,C039,2025-09-18,P257,TehOolong,Minuman,2
T0238,C039,2025-09-18,P021,AirMineral,Minuman,3
T0238,C039,2025-09-18,P024,TehKotak,Minuman,4
T0238,C039,2025-09-18,P020,KerupukUdang,Snack,5
T0239,C030,2025-03-18,P264,JusJambu,Minuman,4
T0239,C030,2025-03-18,P072,BerasKetan,Sembako,5
T0239,C030,2025-03-18,P168,BiskuitBayi,KebutuhanBayi,3
T0239,C030,2025-03-18,P164,LumpiaBeku,Frozen,5
T0239,C030,2025-03-18,P084,KwetiawKering,Sembako,3
T0240,C033,2025-09-18,P251,SusuAlmond,Minuman,3
T0240,C033,2025-09-18,P289,KulitLumpia,Frozen,3
T0240,C033,2025-09-18,P154,JagungBeku,Frozen,1
T0240,C033,2025-09-18,P244,KeripikTempe,Snack,4
T0240,C033,2025-09-18,P009,ShampoRambut,Kebersihan,5
T0241,C020,2025-12-19,P243,KeripikJamur,Snack,3
T0242,C042,2025-10-24,P117,BumbuBalado,Bumbu,5
T0242,C042,2025-10-24,P027,SirupBuah,Minuman,5
T0242,C042,2025-10-24,P299,StekerColokan,Peralatan,4
T0242,C042,2025-10-24,P246,Rempeyek,Snack,2
T0242,C042,2025-10-24,P088,UbiKayu,Sembako,2
T0243,C003,2025-10-21,P098,PalaBubuk,Bumbu,1
T0244,C029,2025-06-10,P078,MinyakWijen,Sembako,5
T0244,C029,2025-06-10,P212,SerokGoreng,Peralatan,5
T0244,C029,2025-06-10,P105,SausTomat,Bumbu,4
T0244,C029,2025-06-10,P211,KainPel,Peralatan,1
T0245,C046,2025-03-12,P107,SantenInstan,Bumbu,4
T0245,C046,2025-03-12,P288,TahuBeku,Frozen,3
T0245,C046,2025-03-12,P167,MakananBayi,KebutuhanBayi,2
T0245,C046,2025-03-12,P245,KerupukIkan,Snack,4
T0245,C046,2025-03-12,P270,BumbuTomYam,Bumbu,5
T0246,C022,2025-10-07,P136,TissuBasah,Kebersihan,2
T0246,C022,2025-10-07,P248,KeripikWortel,Snack,3
T0246,C022,2025-10-07,P099,KayuManis,Bumbu,5
T0247,C020,2025-04-26,P148,SosisSapi,Frozen,3
T0247,C020,2025-04-26,P107,SantenInstan,Bumbu,4
T0247,C020,2025-04-26,P251,SusuAlmond,Minuman,3
T0248,C036,2025-05-21,P063,KrupukMentah,Snack,4
T0248,C036,2025-05-21,P294,ObatCacing,Kesehatan,4
T0248,C036,2025-05-21,P279,PewangiPakaian,Kebersihan,3
T0249,C050,2025-03-16,P022,SusuBubuk,Minuman,3
T0249,C050,2025-03-16,P148,SosisSapi,Frozen,4
T0249,C050,2025-03-16,P041,BubukCokelat,Makanan,3
T0250,C048,2025-09-03,P104,SausBBQ,Bumbu,3
T0250,C048,2025-09-03,P276,DeterjenPodsCuci,Kebersihan,5
T0251,C045,2025-05-20,P056,CoklatBatang,Snack,2
T0251,C045,2025-05-20,P123,SabunBatang,Kebersihan,1
T0252,C043,2025-09-29,P120,SambalOelek,Bumbu,1
T0252,C043,2025-09-29,P027,SirupBuah,Minuman,4
T0253,C022,2025-08-30,P071,GulaMerah,Sembako,1
T0254,C036,2025-03-22,P244,KeripikTempe,Snack,3
T0254,C036,2025-03-22,P245,KerupukIkan,Snack,3
T0254,C036,2025-03-22,P103,SausTiram,Bumbu,1
T0254,C036,2025-03-22,P148,SosisSapi,Frozen,1
T0255,C042,2025-10-21,P274,BumbuNasiKuning,Bumbu,2
T0255,C042,2025-10-21,P020,KerupukUdang,Snack,4
T0256,C012,2025-01-19,P254,KopiTubruk,Minuman,1
T0256,C012,2025-01-19,P096,LadaBubuk,Bumbu,3
T0256,C012,2025-01-19,P149,BaksoSapi,Frozen,5
T0256,C012,2025-01-19,P020,KerupukUdang,Snack,5
T0257,C007,2025-06-21,P233,AgarAgarBubuk,Makanan,4
T0257,C007,2025-06-21,P279,PewangiPakaian,Kebersihan,2
T0257,C007,2025-06-21,P269,BumbuKare,Bumbu,5
T0258,C030,2025-05-20,P058,PuddingInstan,Snack,2
T0258,C030,2025-05-20,P170,MinyakTelon,KebutuhanBayi,4
T0259,C042,2025-05-12,P008,SabunMandi,Kebersihan,3
T0259,C042,2025-05-12,P173,ShampoBayi,KebutuhanBayi,5
T0260,C044,2025-04-09,P208,SikatLantai,Peralatan,5
T0260,C044,2025-04-09,P219,TermosPanas,Peralatan,3
T0261,C006,2025-07-25,P095,KunyitBubuk,Sembako,2
T0262,C031,2025-06-15,P004,KopiBubuk,Minuman,4
T0262,C031,2025-06-15,P134,PengharumRuang,Kebersihan,2
T0263,C029,2025-05-17,P155,EdamameKupas,Frozen,1
T0263,C029,2025-05-17,P299,StekerColokan,Peralatan,3
T0263,C029,2025-05-17,P294,ObatCacing,Kesehatan,3
T0264,C045,2025-05-01,P061,KueKering,Snack,4
T0265,C020,2025-03-23,P258,WedangJahe,Minuman,3
T0265,C020,2025-03-23,P160,PizzaMini,Frozen,5
T0265,C020,2025-03-23,P061,KueKering,Snack,2
T0265,C020,2025-03-23,P152,DimSumFrozen,Frozen,2
T0266,C009,2025-09-02,P233,AgarAgarBubuk,Makanan,4
T0266,C009,2025-09-02,P192,PlesterLuka,Kesehatan,5
T0267,C031,2025-10-03,P127,PelicLantai,Kebersihan,5
T0267,C031,2025-10-03,P042,KelapaParut,Makanan,4
T0268,C034,2025-12-27,P040,OatmealInstan,Makanan,1
T0268,C034,2025-12-27,P289,KulitLumpia,Frozen,5
T0268,C034,2025-12-27,P058,PuddingInstan,Snack,5
T0269,C013,2025-10-21,P077,TepungPanir,Sembako,1
T0269,C013,2025-10-21,P085,BerasJagung,Sembako,2
T0269,C013,2025-10-21,P168,BiskuitBayi,KebutuhanBayi,5
T0269,C013,2025-10-21,P267,GaramBeryodium,Bumbu,4
T0269,C013,2025-10-21,P227,JemuranBaju,Peralatan,1
T0270,C033,2025-08-17,P233,AgarAgarBubuk,Makanan,2
T0271,C033,2025-08-01,P289,KulitLumpia,Frozen,3
T0271,C033,2025-08-01,P030,YogurtCup,Minuman,1
T0271,C033,2025-08-01,P287,TempeBeku,Frozen,4
T0271,C033,2025-08-01,P237,VaniliBubuk,Makanan,3
T0272,C001,2025-04-22,P038,SelaiStroberi,Makanan,5
T0272,C001,2025-04-22,P024,TehKotak,Minuman,1
T0272,C001,2025-04-22,P217,TupperwareBox,Peralatan,1
T0272,C001,2025-04-22,P177,BotolSusu,KebutuhanBayi,4
T0272,C001,2025-04-22,P033,RotiIsi,Makanan,1
T0273,C019,2025-07-29,P070,RumputLaut,Snack,3
T0273,C019,2025-07-29,P216,MangkokPlastik,Peralatan,4
T0274,C029,2025-07-13,P042,KelapaParut,Makanan,1
T0274,C029,2025-07-13,P277,PelicSepatu,Kebersihan,2
T0274,C029,2025-07-13,P069,KacangBawang,Snack,5
T0274,C029,2025-07-13,P179,KrimRuamBayi,KebutuhanBayi,4
T0275,C034,2025-03-07,P002,Telur,Makanan,3
T0275,C034,2025-03-07,P012,TehCelup,Minuman,4
T0276,C044,2025-10-06,P273,MisoInstan,Bumbu,4
T0276,C044,2025-10-06,P195,SarungTanganLatex,Kesehatan,3
T0276,C044,2025-10-06,P118,BumbuPecel,Bumbu,2
T0276,C044,2025-10-06,P127,PelicLantai,Kebersihan,3
T0277,C013,2025-02-27,P215,GelasPlastik,Peralatan,5
T0278,C050,2025-01-09,P106,CukaAsam,Bumbu,1
T0278,C050,2025-01-09,P035,KornedSapi,Makanan,5
T0279,C003,2025-08-17,P025,JusBuah,Minuman,2
T0279,C003,2025-08-17,P126,DeterjenCair,Kebersihan,5
T0279,C003,2025-08-17,P023,KopiSachet,Minuman,2
T0279,C003,2025-08-17,P206,KantongSampah,Peralatan,1
T0279,C003,2025-08-17,P225,PisoLipat,Peralatan,2
T0280,C033,2025-05-29,P295,MinyakIkanKapsul,Kesehatan,5
T0280,C033,2025-05-29,P164,LumpiaBeku,Frozen,5
T0281,C050,2025-12-11,P122,SabunCuciTangan,Kebersihan,5
T0281,C050,2025-12-11,P155,EdamameKupas,Frozen,2
T0281,C050,2025-12-11,P074,TepungBeras,Sembako,4
T0282,C020,2025-05-21,P286,NuggetIkan,Frozen,5
T0283,C048,2025-03-31,P285,DaunPandan,Sembako,4
T0283,C048,2025-03-31,P254,KopiTubruk,Minuman,5
T0283,C048,2025-03-31,P025,JusBuah,Minuman,3
T0283,C048,2025-03-31,P177,BotolSusu,KebutuhanBayi,4
T0284,C027,2025-03-18,P193,KasaSteril,Kesehatan,4
T0284,C027,2025-03-18,P095,KunyitBubuk,Sembako,2
T0284,C027,2025-03-18,P276,DeterjenPodsCuci,Kebersihan,2
T0285,C020,2025-12-29,P238,CoklatBubuk,Makanan,5
T0285,C020,2025-12-29,P030,YogurtCup,Minuman,4
T0286,C027,2025-10-13,P069,KacangBawang,Snack,3
T0286,C027,2025-10-13,P199,TesKehamilan,Kesehatan,1
T0286,C027,2025-10-13,P125,DeterjenBubuk,Kebersihan,4
T0286,C027,2025-10-13,P131,KaburPembersih,Kebersihan,3
T0286,C027,2025-10-13,P105,SausTomat,Bumbu,1
T0287,C035,2025-04-08,P138,KapasWajah,Kebersihan,4
T0288,C044,2025-11-06,P021,AirMineral,Minuman,4
T0288,C044,2025-11-06,P038,SelaiStroberi,Makanan,2
T0288,C044,2025-11-06,P097,KetumbarBubuk,Bumbu,3
T0288,C044,2025-11-06,P287,TempeBeku,Frozen,3
T0288,C044,2025-11-06,P112,BumbuRendang,Bumbu,1
T0289,C014,2025-04-08,P246,Rempeyek,Snack,2
T0290,C045,2025-11-06,P204,AluminiumFoil,Peralatan,5
T0290,C045,2025-11-06,P123,SabunBatang,Kebersihan,3
T0291,C050,2025-05-25,P239,SusuKental,Makanan,3
T0291,C050,2025-05-25,P274,BumbuNasiKuning,Bumbu,3
T0291,C050,2025-05-25,P184,ObatMaag,Kesehatan,5
T0291,C050,2025-05-25,P158,AyamPotong,Frozen,4
T0292,C030,2025-02-20,P164,LumpiaBeku,Frozen,4
T0292,C030,2025-02-20,P105,SausTomat,Bumbu,1
T0292,C030,2025-02-20,P190,MinyakAngin,Kesehatan,5
T0292,C030,2025-02-20,P161,RotiBun,Frozen,2
T0293,C048,2025-03-16,P134,PengharumRuang,Kebersihan,5
T0294,C038,2025-10-24,P152,DimSumFrozen,Frozen,2
T0294,C038,2025-10-24,P079,MinyakZaitun,Sembako,4
T0294,C038,2025-10-24,P101,DaunSalam,Bumbu,5
T0294,C038,2025-10-24,P169,BubukSerealBayi,KebutuhanBayi,2
T0295,C032,2025-10-09,P132,KarbolLantai,Kebersihan,4
T0295,C032,2025-10-09,P251,SusuAlmond,Minuman,2
T0295,C032,2025-10-09,P252,SusuOat,Minuman,3
T0296,C011,2025-03-13,P251,SusuAlmond,Minuman,1
T0296,C011,2025-03-13,P095,KunyitBubuk,Sembako,1
T0296,C011,2025-03-13,P278,PembersiKarpet,Kebersihan,1
T0296,C011,2025-03-13,P031,NasiBox,Makanan,1
T0296,C011,2025-03-13,P269,BumbuKare,Bumbu,4
T0297,C009,2025-11-19,P035,KornedSapi,Makanan,1
T0297,C009,2025-11-19,P078,MinyakWijen,Sembako,2
T0298,C033,2025-08-22,P031,NasiBox,Makanan,1
T0298,C033,2025-08-22,P248,KeripikWortel,Snack,1
T0298,C033,2025-08-22,P250,DodolGarut,Snack,5
T0299,C036,2025-07-30,P009,ShampoRambut,Kebersihan,5
T0300,C047,2025-05-21,P147,SosisAyam,Frozen,1
T0300,C047,2025-05-21,P009,ShampoRambut,Kebersihan,1
T0300,C047,2025-05-21,P258,WedangJahe,Minuman,5
T0300,C047,2025-05-21,P221,Lilin,Peralatan,2
T0300,C047,2025-05-21,P092,CabaiMerah,Sembako,2
T0301,C013,2025-11-14,P130,PelembutPakaian,Kebersihan,3
T0301,C013,2025-11-14,P182,ObatBatuk,Kesehatan,4
T0301,C013,2025-11-14,P137,TissuKering,Kebersihan,4
T0301,C013,2025-11-14,P204,AluminiumFoil,Peralatan,5
T0301,C013,2025-11-14,P041,BubukCokelat,Makanan,2
T0302,C045,2025-04-26,P042,KelapaParut,Makanan,4
T0302,C045,2025-04-26,P017,KecapManis,Bumbu,4
T0302,C045,2025-04-26,P048,MaduMurni,Makanan,4
T0303,C036,2025-09-01,P005,GulaPasir,Sembako,2
T0304,C006,2025-09-13,P170,MinyakTelon,KebutuhanBayi,1
T0304,C006,2025-09-13,P290,RotiPizza,Frozen,2
T0304,C006,2025-09-13,P049,KeripikSingkong,Snack,2
T0304,C006,2025-09-13,P271,SausKedelai,Bumbu,5
T0305,C031,2025-05-19,P039,SerealSarapan,Makanan,3
T0306,C035,2025-10-16,P092,CabaiMerah,Sembako,3
T0307,C002,2025-04-17,P074,TepungBeras,Sembako,5
T0307,C002,2025-04-17,P204,AluminiumFoil,Peralatan,2
T0307,C002,2025-04-17,P040,OatmealInstan,Makanan,5
T0307,C002,2025-04-17,P154,JagungBeku,Frozen,4
T0307,C002,2025-04-17,P084,KwetiawKering,Sembako,5
T0308,C022,2025-07-16,P041,BubukCokelat,Makanan,3
T0308,C022,2025-07-16,P257,TehOolong,Minuman,1
T0309,C007,2025-08-12,P039,SerealSarapan,Makanan,5
T0309,C007,2025-08-12,P175,TissuBayi,KebutuhanBayi,5
T0310,C039,2025-07-23,P016,GaramHalus,Bumbu,4
T0310,C039,2025-07-23,P140,ObatKumur,Kebersihan,2
T0310,C039,2025-07-23,P231,AyamKaleng,Makanan,3
T0311,C036,2025-07-12,P096,LadaBubuk,Bumbu,5
T0311,C036,2025-07-12,P300,KabelRoll,Peralatan,3
T0311,C036,2025-07-12,P195,SarungTanganLatex,Kesehatan,2
T0311,C036,2025-07-12,P044,KacangHijau,Makanan,1
T0312,C006,2025-05-18,P195,SarungTanganLatex,Kesehatan,4
T0312,C006,2025-05-18,P079,MinyakZaitun,Sembako,3
T0313,C024,2025-02-24,P003,SausSambal,Bumbu,3
T0314,C029,2025-07-04,P053,PopcornInstan,Snack,2
T0314,C029,2025-07-04,P068,KacangAtom,Snack,4
T0314,C029,2025-07-04,P045,KacangMerah,Makanan,4
T0315,C036,2025-10-12,P209,SapuIjuk,Peralatan,5
T0315,C036,2025-10-12,P053,PopcornInstan,Snack,1
T0315,C036,2025-10-12,P014,PastaGigi,Kebersihan,5
T0315,C036,2025-10-12,P046,Makaroni,Makanan,5
T0315,C036,2025-10-12,P182,ObatBatuk,Kesehatan,3
T0316,C025,2025-01-07,P212,SerokGoreng,Peralatan,5
T0316,C025,2025-01-07,P199,TesKehamilan,Kesehatan,2
T0316,C025,2025-01-07,P044,KacangHijau,Makanan,5
T0317,C034,2025-03-28,P087,BerasHitam,Sembako,3
T0317,C034,2025-03-28,P072,BerasKetan,Sembako,4
T0317,C034,2025-03-28,P138,KapasWajah,Kebersihan,2
T0317,C034,2025-03-28,P155,EdamameKupas,Frozen,1
T0318,C011,2025-08-11,P216,MangkokPlastik,Peralatan,1
T0318,C011,2025-08-11,P154,JagungBeku,Frozen,3
T0318,C011,2025-08-11,P248,KeripikWortel,Snack,3
T0319,C016,2025-11-17,P101,DaunSalam,Bumbu,3
T0319,C016,2025-11-17,P235,RaginanRoti,Makanan,1
T0319,C016,2025-11-17,P055,PermenSusu,Snack,4
T0319,C016,2025-11-17,P070,RumputLaut,Snack,3
T0320,C040,2025-07-14,P226,SetrikanMini,Peralatan,5
T0320,C040,2025-07-14,P172,SabunBayi,KebutuhanBayi,2
T0320,C040,2025-07-14,P221,Lilin,Peralatan,3
T0321,C021,2025-11-05,P246,Rempeyek,Snack,2
T0321,C021,2025-11-05,P161,RotiBun,Frozen,4
T0322,C021,2025-05-30,P295,MinyakIkanKapsul,Kesehatan,3
T0322,C021,2025-05-30,P125,DeterjenBubuk,Kebersihan,4
T0322,C021,2025-05-30,P167,MakananBayi,KebutuhanBayi,3
T0322,C021,2025-05-30,P193,KasaSteril,Kesehatan,1
T0323,C037,2025-04-13,P280,SabunCuciMobil,Kebersihan,2
T0323,C037,2025-04-13,P093,CabaiRawit,Sembako,4
T0323,C037,2025-04-13,P282,SagunMutiara,Sembako,3
T0323,C037,2025-04-13,P014,PastaGigi,Kebersihan,1
T0323,C037,2025-04-13,P237,VaniliBubuk,Makanan,4
T0324,C044,2025-09-13,P156,UdangBeku,Frozen,3
T0324,C044,2025-09-13,P124,SabunCairMandi,Kebersihan,2
T0325,C046,2025-08-05,P038,SelaiStroberi,Makanan,4
T0325,C046,2025-08-05,P230,SelotipBening,Peralatan,5
T0325,C046,2025-08-05,P246,Rempeyek,Snack,5
T0325,C046,2025-08-05,P299,StekerColokan,Peralatan,4
T0326,C035,2025-01-19,P275,BumbuSopIga,Bumbu,2
T0326,C035,2025-01-19,P044,KacangHijau,Makanan,3
T0326,C035,2025-01-19,P056,CoklatBatang,Snack,2
T0327,C042,2025-11-10,P289,KulitLumpia,Frozen,4
T0328,C049,2025-06-19,P055,PermenSusu,Snack,2
T0328,C049,2025-06-19,P006,SusuCair,Minuman,5
T0328,C049,2025-06-19,P051,KeripikPisang,Snack,5
T0328,C049,2025-06-19,P133,PembersiToilet,Kebersihan,5
T0329,C038,2025-12-19,P114,BumbuNasiGoreng,Bumbu,5
T0329,C038,2025-12-19,P229,JepitJemuran,Peralatan,5
T0329,C038,2025-12-19,P192,PlesterLuka,Kesehatan,2
T0329,C038,2025-12-19,P201,SaputanganKertas,Peralatan,3
T0329,C038,2025-12-19,P238,CoklatBubuk,Makanan,1
T0330,C031,2025-02-23,P213,SendetanMakan,Peralatan,2
T0330,C031,2025-02-23,P044,KacangHijau,Makanan,3
T0330,C031,2025-02-23,P060,RotiKering,Snack,3
T0331,C022,2025-08-22,P267,GaramBeryodium,Bumbu,3
T0331,C022,2025-08-22,P248,KeripikWortel,Snack,4
T0332,C007,2025-08-13,P164,LumpiaBeku,Frozen,1
T0332,C007,2025-08-13,P035,KornedSapi,Makanan,1
T0332,C007,2025-08-13,P154,JagungBeku,Frozen,3
T0332,C007,2025-08-13,P023,KopiSachet,Minuman,1
T0333,C044,2025-03-26,P265,NektarBuah,Minuman,5
T0333,C044,2025-03-26,P090,BawangMerah,Sembako,2
T0334,C022,2025-10-14,P237,VaniliBubuk,Makanan,2
T0334,C022,2025-10-14,P119,BumbuSateAyam,Bumbu,4
T0334,C022,2025-10-14,P208,SikatLantai,Peralatan,4
T0334,C022,2025-10-14,P095,KunyitBubuk,Sembako,1
T0335,C048,2025-11-11,P231,AyamKaleng,Makanan,4
T0335,C048,2025-11-11,P220,KorekApi,Peralatan,1
T0336,C046,2025-04-20,P143,HandSanitizer,Kebersihan,5
T0336,C046,2025-04-20,P033,RotiIsi,Makanan,1
T0337,C035,2025-04-06,P167,MakananBayi,KebutuhanBayi,1
T0337,C035,2025-04-06,P101,DaunSalam,Bumbu,3
T0337,C035,2025-04-06,P235,RaginanRoti,Makanan,4
T0338,C034,2025-11-24,P199,TesKehamilan,Kesehatan,3
T0338,C034,2025-11-24,P201,SaputanganKertas,Peralatan,3
T0338,C034,2025-11-24,P059,JellyInstan,Snack,4
T0339,C040,2025-03-30,P044,KacangHijau,Makanan,1
T0339,C040,2025-03-30,P069,KacangBawang,Snack,2
T0339,C040,2025-03-30,P161,RotiBun,Frozen,3
T0340,C008,2025-04-04,P073,JagungPipil,Sembako,4
T0340,C008,2025-04-04,P262,JusJeruk,Minuman,5
T0340,C008,2025-04-04,P199,TesKehamilan,Kesehatan,2
T0341,C037,2025-07-16,P096,LadaBubuk,Bumbu,5
T0341,C037,2025-07-16,P250,DodolGarut,Snack,2
T0341,C037,2025-07-16,P276,DeterjenPodsCuci,Kebersihan,4
T0341,C037,2025-07-16,P089,KentangSegar,Sembako,3
T0342,C009,2025-04-06,P231,AyamKaleng,Makanan,1
T0342,C009,2025-04-06,P028,MinumanIsotonik,Minuman,4
T0342,C009,2025-04-06,P184,ObatMaag,Kesehatan,2
T0343,C013,2025-07-16,P259,BandrekInstan,Minuman,4
T0343,C013,2025-07-16,P254,KopiTubruk,Minuman,4
T0343,C013,2025-07-16,P210,PengkiSampah,Peralatan,2
T0343,C013,2025-07-16,P252,SusuOat,Minuman,1
T0343,C013,2025-07-16,P213,SendetanMakan,Peralatan,5
T0344,C002,2025-04-23,P017,KecapManis,Bumbu,5
T0344,C002,2025-04-23,P141,BenangGigi,Kebersihan,3
T0344,C002,2025-04-23,P116,BumbuRawon,Bumbu,2
T0345,C050,2025-08-23,P254,KopiTubruk,Minuman,1
T0345,C050,2025-08-23,P282,SagunMutiara,Sembako,3
T0345,C050,2025-08-23,P262,JusJeruk,Minuman,5
T0345,C050,2025-08-23,P058,PuddingInstan,Snack,3
T0345,C050,2025-08-23,P294,ObatCacing,Kesehatan,5
T0346,C049,2025-01-22,P280,SabunCuciMobil,Kebersihan,2
T0346,C049,2025-01-22,P112,BumbuRendang,Bumbu,3
T0346,C049,2025-01-22,P218,BotolMinum,Peralatan,1
T0346,C049,2025-01-22,P053,PopcornInstan,Snack,4
T0347,C017,2025-06-28,P225,PisoLipat,Peralatan,1
T0348,C050,2025-05-02,P180,MinyakKayuPutih,KebutuhanBayi,2
T0348,C050,2025-05-02,P220,KorekApi,Peralatan,5
T0349,C009,2025-04-16,P031,NasiBox,Makanan,3
T0349,C009,2025-04-16,P292,KrimAntiNyeri,Kesehatan,5
T0350,C018,2025-11-02,P087,BerasHitam,Sembako,3
T0350,C018,2025-11-02,P166,SusuFormula,KebutuhanBayi,5
T0350,C018,2025-11-02,P150,BaksoIkan,Frozen,1
T0350,C018,2025-11-02,P149,BaksoSapi,Frozen,2
T0350,C018,2025-11-02,P294,ObatCacing,Kesehatan,4
T0351,C004,2025-05-22,P068,KacangAtom,Snack,2
T0351,C004,2025-05-22,P128,PembersiKaca,Kebersihan,3
T0352,C016,2025-12-13,P251,SusuAlmond,Minuman,4
T0352,C016,2025-12-13,P073,JagungPipil,Sembako,4
T0352,C016,2025-12-13,P296,LampuLED,Peralatan,4
T0352,C016,2025-12-13,P138,KapasWajah,Kebersihan,1
T0353,C041,2025-02-17,P264,JusJambu,Minuman,4
T0353,C041,2025-02-17,P143,HandSanitizer,Kebersihan,3
T0353,C041,2025-02-17,P189,Multivitamin,Kesehatan,5
T0353,C041,2025-02-17,P233,AgarAgarBubuk,Makanan,1
T0354,C050,2025-02-17,P184,ObatMaag,Kesehatan,2
T0354,C050,2025-02-17,P033,RotiIsi,Makanan,4
T0354,C050,2025-02-17,P274,BumbuNasiKuning,Bumbu,2
T0354,C050,2025-02-17,P204,AluminiumFoil,Peralatan,4
T0355,C018,2025-06-15,P173,ShampoBayi,KebutuhanBayi,2
T0355,C018,2025-06-15,P281,TepungHunkue,Sembako,5
T0355,C018,2025-06-15,P296,LampuLED,Peralatan,4
T0356,C022,2025-12-16,P024,TehKotak,Minuman,1
T0357,C041,2025-08-24,P064,EmpeekMlijo,Snack,2
T0358,C029,2025-08-22,P220,KorekApi,Peralatan,2
T0359,C045,2025-03-09,P082,BihunKering,Sembako,3
T0359,C045,2025-03-09,P141,BenangGigi,Kebersihan,3
T0359,C045,2025-03-09,P048,MaduMurni,Makanan,1
T0360,C024,2025-12-07,P027,SirupBuah,Minuman,3
T0360,C024,2025-12-07,P203,WrapPlastik,Peralatan,2
T0361,C028,2025-12-02,P049,KeripikSingkong,Snack,1
T0362,C014,2025-09-02,P068,KacangAtom,Snack,5
T0363,C015,2025-09-23,P005,GulaPasir,Sembako,2
T0363,C015,2025-09-23,P176,PopokBayi,KebutuhanBayi,4
T0363,C015,2025-09-23,P062,DodolTradi,Snack,1
T0363,C015,2025-09-23,P217,TupperwareBox,Peralatan,2
T0364,C025,2025-02-15,P053,PopcornInstan,Snack,3
T0365,C024,2025-06-03,P196,AlkoholSwab,Kesehatan,2
T0365,C024,2025-06-03,P069,KacangBawang,Snack,1
T0366,C034,2025-10-16,P085,BerasJagung,Sembako,4
T0367,C023,2025-04-20,P211,KainPel,Peralatan,2
T0367,C023,2025-04-20,P227,JemuranBaju,Peralatan,1
T0368,C007,2025-03-13,P197,Betadine,Kesehatan,3
T0369,C028,2025-06-11,P127,PelicLantai,Kebersihan,1
T0369,C028,2025-06-11,P142,DeodoranStick,Kebersihan,2
T0370,C036,2025-11-04,P146,NuggetAyam,Frozen,5
T0370,C036,2025-11-04,P014,PastaGigi,Kebersihan,5
T0370,C036,2025-11-04,P155,EdamameKupas,Frozen,2
T0370,C036,2025-11-04,P106,CukaAsam,Bumbu,4
T0370,C036,2025-11-04,P266,GaramLaut,Bumbu,3
T0371,C042,2025-01-28,P254,KopiTubruk,Minuman,1
T0371,C042,2025-01-28,P198,OralitBubuk,Kesehatan,2
T0372,C032,2025-11-23,P037,SelaiKacang,Makanan,2
T0372,C032,2025-11-23,P271,SausKedelai,Bumbu,4
T0372,C032,2025-11-23,P007,RotiTawar,Makanan,5
T0372,C032,2025-11-23,P185,ObatDiare,Kesehatan,4
T0372,C032,2025-11-23,P163,PaoIsi,Frozen,3
T0373,C035,2025-12-16,P242,KeripikApel,Snack,1
T0373,C035,2025-12-16,P038,SelaiStroberi,Makanan,5
T0374,C005,2025-01-08,P111,BumbuGulai,Bumbu,4
T0374,C005,2025-01-08,P021,AirMineral,Minuman,5
T0374,C005,2025-01-08,P031,NasiBox,Makanan,3
T0375,C041,2025-12-31,P213,SendetanMakan,Peralatan,5
T0375,C041,2025-12-31,P217,TupperwareBox,Peralatan,5
T0375,C041,2025-12-31,P206,KantongSampah,Peralatan,2
T0375,C041,2025-12-31,P043,KacangTanah,Makanan,3
T0375,C041,2025-12-31,P275,BumbuSopIga,Bumbu,1
T0376,C020,2025-02-10,P105,SausTomat,Bumbu,5
T0376,C020,2025-02-10,P080,MinyakKelapa,Sembako,1
T0376,C020,2025-02-10,P275,BumbuSopIga,Bumbu,3
T0376,C020,2025-02-10,P168,BiskuitBayi,KebutuhanBayi,4
T0376,C020,2025-02-10,P201,SaputanganKertas,Peralatan,2
T0377,C004,2025-05-06,P223,IsolasiPlastik,Peralatan,1
T0378,C030,2025-11-10,P029,SusuKedelai,Minuman,2
T0378,C030,2025-11-10,P159,DagingGiling,Frozen,1
T0378,C030,2025-11-10,P090,BawangMerah,Sembako,2
T0378,C030,2025-11-10,P062,DodolTradi,Snack,4
T0378,C030,2025-11-10,P007,RotiTawar,Makanan,3
T0379,C034,2025-09-22,P086,BerasMerah,Sembako,3
T0379,C034,2025-09-22,P191,BalsemGosok,Kesehatan,1
T0379,C034,2025-09-22,P065,StickKeju,Snack,1
T0380,C022,2025-08-08,P269,BumbuKare,Bumbu,5
T0380,C022,2025-08-08,P033,RotiIsi,Makanan,1
T0380,C022,2025-08-08,P135,KamperPewangi,Kebersihan,4
T0381,C030,2025-09-19,P029,SusuKedelai,Minuman,2
T0381,C030,2025-09-19,P256,TehMelati,Minuman,3
T0381,C030,2025-09-19,P291,PopokDewasa,Kesehatan,2
T0382,C017,2025-02-22,P060,RotiKering,Snack,1
T0382,C017,2025-02-22,P117,BumbuBalado,Bumbu,2
T0382,C017,2025-02-22,P261,MinumanCokelat,Minuman,1
T0382,C017,2025-02-22,P002,Telur,Makanan,4
T0382,C017,2025-02-22,P023,KopiSachet,Minuman,3
T0383,C025,2025-03-18,P019,MentegaKrim,Sembako,4
T0383,C025,2025-03-18,P284,KemiriBulat,Sembako,2
T0384,C021,2025-05-08,P164,LumpiaBeku,Frozen,3
T0384,C021,2025-05-08,P139,SikatGigi,Kebersihan,1
T0384,C021,2025-05-08,P040,OatmealInstan,Makanan,5
T0384,C021,2025-05-08,P293,ObatAlergi,Kesehatan,1
T0385,C012,2025-04-25,P024,TehKotak,Minuman,3
T0385,C012,2025-04-25,P206,KantongSampah,Peralatan,3
T0385,C012,2025-04-25,P036,IkanKaleng,Makanan,1
T0385,C012,2025-04-25,P239,SusuKental,Makanan,5
T0385,C012,2025-04-25,P145,PembersiMuka,Kebersihan,4
T0386,C001,2025-07-08,P150,BaksoIkan,Frozen,3
T0386,C001,2025-07-08,P289,KulitLumpia,Frozen,5
T0387,C016,2025-08-26,P253,AirKelapa,Minuman,2
T0387,C016,2025-08-26,P101,DaunSalam,Bumbu,2
T0387,C016,2025-08-26,P280,SabunCuciMobil,Kebersihan,1
T0388,C027,2025-01-13,P278,PembersiKarpet,Kebersihan,1
T0388,C027,2025-01-13,P178,DotBayi,KebutuhanBayi,3
T0389,C001,2025-12-03,P158,AyamPotong,Frozen,2
T0389,C001,2025-12-03,P054,WaferCokelat,Snack,4
T0389,C001,2025-12-03,P106,CukaAsam,Bumbu,4
T0389,C001,2025-12-03,P272,SausPedas,Bumbu,1
T0390,C010,2025-12-31,P048,MaduMurni,Makanan,5
T0390,C010,2025-12-31,P023,KopiSachet,Minuman,4
T0390,C010,2025-12-31,P119,BumbuSateAyam,Bumbu,3
T0391,C030,2025-02-13,P049,KeripikSingkong,Snack,5
T0391,C030,2025-02-13,P259,BandrekInstan,Minuman,5
T0391,C030,2025-02-13,P069,KacangBawang,Snack,1
T0391,C030,2025-02-13,P202,KantongPlastik,Peralatan,4
T0391,C030,2025-02-13,P039,SerealSarapan,Makanan,2
T0392,C016,2025-05-30,P162,RotiSobek,Frozen,3
T0392,C016,2025-05-30,P202,KantongPlastik,Peralatan,4
T0392,C016,2025-05-30,P168,BiskuitBayi,KebutuhanBayi,3
T0393,C015,2025-02-08,P070,RumputLaut,Snack,1
T0393,C015,2025-02-08,P300,KabelRoll,Peralatan,2
T0394,C007,2025-03-26,P239,SusuKental,Makanan,5
T0394,C007,2025-03-26,P161,RotiBun,Frozen,3
T0394,C007,2025-03-26,P209,SapuIjuk,Peralatan,2
T0394,C007,2025-03-26,P062,DodolTradi,Snack,4
T0395,C020,2025-08-26,P062,DodolTradi,Snack,3
T0395,C020,2025-08-26,P047,SpagetiKering,Makanan,5
T0395,C020,2025-08-26,P081,SantanKelapa,Sembako,1
T0396,C014,2025-06-17,P047,SpagetiKering,Makanan,3
T0396,C014,2025-06-17,P128,PembersiKaca,Kebersihan,4
T0397,C033,2025-01-26,P134,PengharumRuang,Kebersihan,4
T0397,C033,2025-01-26,P090,BawangMerah,Sembako,4
T0397,C033,2025-01-26,P016,GaramHalus,Bumbu,5
T0398,C048,2025-10-09,P049,KeripikSingkong,Snack,1
T0398,C048,2025-10-09,P237,VaniliBubuk,Makanan,2
T0399,C008,2025-01-07,P114,BumbuNasiGoreng,Bumbu,2
T0400,C013,2025-07-25,P044,KacangHijau,Makanan,1
T0400,C013,2025-07-25,P299,StekerColokan,Peralatan,1
T0400,C013,2025-07-25,P133,PembersiToilet,Kebersihan,1
T0401,C013,2025-11-27,P066,Granola,Snack,1
T0401,C013,2025-11-27,P048,MaduMurni,Makanan,4
T0401,C013,2025-11-27,P170,MinyakTelon,KebutuhanBayi,1
T0401,C013,2025-11-27,P063,KrupukMentah,Snack,2
T0402,C037,2025-08-10,P255,TehHijau,Minuman,2
T0402,C037,2025-08-10,P016,GaramHalus,Bumbu,3
T0402,C037,2025-08-10,P196,AlkoholSwab,Kesehatan,2
T0402,C037,2025-08-10,P219,TermosPanas,Peralatan,2
T0403,C018,2025-05-24,P077,TepungPanir,Sembako,4
T0403,C018,2025-05-24,P018,TepungTerigu,Sembako,4
T0403,C018,2025-05-24,P126,DeterjenCair,Kebersihan,5
T0403,C018,2025-05-24,P152,DimSumFrozen,Frozen,4
T0404,C004,2025-02-14,P197,Betadine,Kesehatan,2
T0404,C004,2025-02-14,P071,GulaMerah,Sembako,5
T0404,C004,2025-02-14,P215,GelasPlastik,Peralatan,2
T0405,C041,2025-10-06,P196,AlkoholSwab,Kesehatan,3
T0406,C031,2025-10-06,P177,BotolSusu,KebutuhanBayi,4
T0406,C031,2025-10-06,P290,RotiPizza,Frozen,3
T0406,C031,2025-10-06,P258,WedangJahe,Minuman,2
T0406,C031,2025-10-06,P165,RisolesBeku,Frozen,1
T0407,C021,2025-11-02,P016,GaramHalus,Bumbu,1
T0407,C021,2025-11-02,P144,SabunAntiseptik,Kebersihan,4
T0408,C034,2025-07-03,P120,SambalOelek,Bumbu,3
T0408,C034,2025-07-03,P082,BihunKering,Sembako,5
T0408,C034,2025-07-03,P052,KacangGoreng,Snack,1
T0408,C034,2025-07-03,P127,PelicLantai,Kebersihan,2
T0408,C034,2025-07-03,P124,SabunCairMandi,Kebersihan,5
T0409,C025,2025-07-01,P091,BawangPutih,Sembako,5
T0409,C025,2025-07-01,P122,SabunCuciTangan,Kebersihan,3
T0410,C048,2025-12-24,P015,MieKuah,Makanan,5
T0410,C048,2025-12-24,P181,ObatDemam,Kesehatan,2
T0410,C048,2025-12-24,P291,PopokDewasa,Kesehatan,5
T0411,C013,2025-09-10,P159,DagingGiling,Frozen,1
T0411,C013,2025-09-10,P090,BawangMerah,Sembako,2
T0411,C013,2025-09-10,P252,SusuOat,Minuman,5
T0411,C013,2025-09-10,P020,KerupukUdang,Snack,2
T0411,C013,2025-09-10,P047,SpagetiKering,Makanan,1
T0412,C034,2025-09-02,P170,MinyakTelon,KebutuhanBayi,5
T0413,C013,2025-03-08,P091,BawangPutih,Sembako,1
T0413,C013,2025-03-08,P166,SusuFormula,KebutuhanBayi,2
T0413,C013,2025-03-08,P031,NasiBox,Makanan,5
T0414,C046,2025-03-14,P270,BumbuTomYam,Bumbu,3
T0415,C005,2025-07-11,P052,KacangGoreng,Snack,2
T0415,C005,2025-07-11,P173,ShampoBayi,KebutuhanBayi,2
T0415,C005,2025-07-11,P155,EdamameKupas,Frozen,4
T0415,C005,2025-07-11,P166,SusuFormula,KebutuhanBayi,4
T0416,C042,2025-06-12,P288,TahuBeku,Frozen,2
T0416,C042,2025-06-12,P183,ObatFlu,Kesehatan,5
T0417,C012,2025-07-13,P151,OtakOtakIkan,Frozen,1
T0417,C012,2025-07-13,P066,Granola,Snack,5
T0417,C012,2025-07-13,P091,BawangPutih,Sembako,4
T0418,C050,2025-10-18,P094,JaheSeruk,Sembako,5
T0419,C021,2025-11-10,P290,RotiPizza,Frozen,4
T0419,C021,2025-11-10,P054,WaferCokelat,Snack,2
T0420,C022,2025-02-09,P178,DotBayi,KebutuhanBayi,2
T0420,C022,2025-02-09,P164,LumpiaBeku,Frozen,1
T0421,C046,2025-12-10,P229,JepitJemuran,Peralatan,2
T0421,C046,2025-12-10,P006,SusuCair,Minuman,2
T0421,C046,2025-12-10,P136,TissuBasah,Kebersihan,1
T0422,C023,2025-05-12,P001,MieInstan,Makanan,1
T0423,C025,2025-08-13,P086,BerasMerah,Sembako,3
T0423,C025,2025-08-13,P212,SerokGoreng,Peralatan,5
T0423,C025,2025-08-13,P253,AirKelapa,Minuman,4
T0423,C025,2025-08-13,P194,MaskerMedis,Kesehatan,1
T0424,C031,2025-10-23,P084,KwetiawKering,Sembako,1
T0424,C031,2025-10-23,P232,TunaSarden,Makanan,1
T0425,C019,2025-01-11,P134,PengharumRuang,Kebersihan,3
T0425,C019,2025-01-11,P054,WaferCokelat,Snack,2
T0425,C019,2025-01-11,P038,SelaiStroberi,Makanan,4
T0426,C011,2025-02-08,P048,MaduMurni,Makanan,2
T0426,C011,2025-02-08,P174,LosionBayi,KebutuhanBayi,5
T0426,C011,2025-02-08,P248,KeripikWortel,Snack,4
T0426,C011,2025-02-08,P016,GaramHalus,Bumbu,2
T0426,C011,2025-02-08,P221,Lilin,Peralatan,1
T0427,C007,2025-06-19,P098,PalaBubuk,Bumbu,5
T0427,C007,2025-06-19,P210,PengkiSampah,Peralatan,5
T0428,C017,2025-12-05,P153,KentangBeku,Frozen,1
T0428,C017,2025-12-05,P122,SabunCuciTangan,Kebersihan,4
T0428,C017,2025-12-05,P050,KeripikKentang,Snack,5
T0429,C036,2025-09-09,P028,MinumanIsotonik,Minuman,1
T0429,C036,2025-09-09,P185,ObatDiare,Kesehatan,4
T0430,C006,2025-05-31,P246,Rempeyek,Snack,2
T0430,C006,2025-05-31,P103,SausTiram,Bumbu,3
T0430,C006,2025-05-31,P050,KeripikKentang,Snack,1
T0430,C006,2025-05-31,P014,PastaGigi,Kebersihan,4
T0430,C006,2025-05-31,P106,CukaAsam,Bumbu,1
T0431,C020,2025-07-23,P251,SusuAlmond,Minuman,4
T0431,C020,2025-07-23,P136,TissuBasah,Kebersihan,2
T0431,C020,2025-07-23,P047,SpagetiKering,Makanan,3
T0431,C020,2025-07-23,P279,PewangiPakaian,Kebersihan,4
T0432,C024,2025-04-06,P023,KopiSachet,Minuman,3
T0432,C024,2025-04-06,P135,KamperPewangi,Kebersihan,2
T0432,C024,2025-04-06,P226,SetrikanMini,Peralatan,3
T0432,C024,2025-04-06,P239,SusuKental,Makanan,5
T0433,C004,2025-03-19,P044,KacangHijau,Makanan,3
T0434,C035,2025-07-31,P117,BumbuBalado,Bumbu,4
T0434,C035,2025-07-31,P284,KemiriBulat,Sembako,5
T0434,C035,2025-07-31,P032,MieGoreng,Makanan,4
T0434,C035,2025-07-31,P199,TesKehamilan,Kesehatan,5
T0434,C035,2025-07-31,P268,BumbuGadoGado,Bumbu,2
T0435,C031,2025-06-03,P203,WrapPlastik,Peralatan,1
T0436,C033,2025-10-20,P293,ObatAlergi,Kesehatan,2
T0436,C033,2025-10-20,P076,TepungKanji,Sembako,2
T0436,C033,2025-10-20,P062,DodolTradi,Snack,2
T0436,C033,2025-10-20,P230,SelotipBening,Peralatan,2
T0436,C033,2025-10-20,P089,KentangSegar,Sembako,1
T0437,C028,2025-02-10,P104,SausBBQ,Bumbu,1
T0437,C028,2025-02-10,P076,TepungKanji,Sembako,1
T0437,C028,2025-02-10,P133,PembersiToilet,Kebersihan,4
T0437,C028,2025-02-10,P164,LumpiaBeku,Frozen,5
T0438,C026,2025-10-10,P142,DeodoranStick,Kebersihan,1
T0438,C026,2025-10-10,P267,GaramBeryodium,Bumbu,5
T0438,C026,2025-10-10,P235,RaginanRoti,Makanan,5
T0439,C034,2025-08-03,P213,SendetanMakan,Peralatan,2
T0440,C010,2025-10-18,P299,StekerColokan,Peralatan,5
T0440,C010,2025-10-18,P052,KacangGoreng,Snack,3
T0440,C010,2025-10-18,P055,PermenSusu,Snack,4
T0440,C010,2025-10-18,P289,KulitLumpia,Frozen,3
T0440,C010,2025-10-18,P147,SosisAyam,Frozen,4
T0441,C042,2025-09-06,P243,KeripikJamur,Snack,2
T0441,C042,2025-09-06,P020,KerupukUdang,Snack,5
T0441,C042,2025-09-06,P089,KentangSegar,Sembako,5
T0441,C042,2025-09-06,P142,DeodoranStick,Kebersihan,4
T0441,C042,2025-09-06,P207,SponBuatPiring,Peralatan,1
T0442,C026,2025-06-19,P026,MinumanSoda,Minuman,3
T0442,C026,2025-06-19,P244,KeripikTempe,Snack,3
T0443,C002,2025-06-22,P160,PizzaMini,Frozen,1
T0443,C002,2025-06-22,P144,SabunAntiseptik,Kebersihan,2
T0443,C002,2025-06-22,P252,SusuOat,Minuman,2
T0444,C020,2025-08-15,P138,KapasWajah,Kebersihan,2
T0444,C020,2025-08-15,P214,PiringMelamin,Peralatan,4
T0444,C020,2025-08-15,P046,Makaroni,Makanan,2
T0445,C027,2025-09-06,P192,PlesterLuka,Kesehatan,3
T0445,C027,2025-09-06,P029,SusuKedelai,Minuman,5
T0445,C027,2025-09-06,P264,JusJambu,Minuman,4
T0445,C027,2025-09-06,P082,BihunKering,Sembako,2
T0445,C027,2025-09-06,P034,Sarden,Makanan,5
T0446,C037,2025-01-15,P099,KayuManis,Bumbu,1
T0446,C037,2025-01-15,P103,SausTiram,Bumbu,2
T0447,C003,2025-08-22,P185,ObatDiare,Kesehatan,2
T0448,C018,2025-07-08,P259,BandrekInstan,Minuman,2
T0448,C018,2025-07-08,P204,AluminiumFoil,Peralatan,3
T0448,C018,2025-07-08,P064,EmpeekMlijo,Snack,4
T0448,C018,2025-07-08,P016,GaramHalus,Bumbu,5
T0449,C029,2025-04-01,P283,AsamJawa,Sembako,3
T0449,C029,2025-04-01,P180,MinyakKayuPutih,KebutuhanBayi,1
T0449,C029,2025-04-01,P177,BotolSusu,KebutuhanBayi,3
T0449,C029,2025-04-01,P084,KwetiawKering,Sembako,1
T0450,C025,2025-01-26,P293,ObatAlergi,Kesehatan,2
T0450,C025,2025-01-26,P110,KalduJamur,Bumbu,2
T0451,C044,2025-04-16,P210,PengkiSampah,Peralatan,1
T0451,C044,2025-04-16,P263,JusMangga,Minuman,4
T0451,C044,2025-04-16,P011,MinyakGoreng,Sembako,2
T0452,C042,2025-03-30,P005,GulaPasir,Sembako,4
T0452,C042,2025-03-30,P115,BumbuOpor,Bumbu,4
T0452,C042,2025-03-30,P130,PelembutPakaian,Kebersihan,3
T0452,C042,2025-03-30,P157,FiletIkan,Frozen,4
T0452,C042,2025-03-30,P141,BenangGigi,Kebersihan,3
T0453,C014,2025-08-27,P267,GaramBeryodium,Bumbu,1
T0453,C014,2025-08-27,P204,AluminiumFoil,Peralatan,1
T0453,C014,2025-08-27,P300,KabelRoll,Peralatan,5
T0454,C043,2025-07-11,P145,PembersiMuka,Kebersihan,3
T0454,C043,2025-07-11,P153,KentangBeku,Frozen,3
T0454,C043,2025-07-11,P056,CoklatBatang,Snack,3
T0454,C043,2025-07-11,P247,KeripikBayam,Snack,3
T0454,C043,2025-07-11,P033,RotiIsi,Makanan,3
T0455,C042,2025-12-31,P097,KetumbarBubuk,Bumbu,2
T0455,C042,2025-12-31,P077,TepungPanir,Sembako,1
T0455,C042,2025-12-31,P265,NektarBuah,Minuman,5
T0456,C026,2025-12-05,P072,BerasKetan,Sembako,3
T0456,C026,2025-12-05,P014,PastaGigi,Kebersihan,3
T0456,C026,2025-12-05,P255,TehHijau,Minuman,4
T0457,C026,2025-07-18,P299,StekerColokan,Peralatan,5
T0458,C013,2025-06-25,P274,BumbuNasiKuning,Bumbu,3
T0458,C013,2025-06-25,P244,KeripikTempe,Snack,5
T0459,C020,2025-03-29,P093,CabaiRawit,Sembako,3
T0459,C020,2025-03-29,P151,OtakOtakIkan,Frozen,5
T0459,C020,2025-03-29,P050,KeripikKentang,Snack,2
T0459,C020,2025-03-29,P242,KeripikApel,Snack,3
T0459,C020,2025-03-29,P066,Granola,Snack,1
T0460,C015,2025-07-01,P158,AyamPotong,Frozen,3
T0460,C015,2025-07-01,P216,MangkokPlastik,Peralatan,3
T0461,C017,2025-10-27,P238,CoklatBubuk,Makanan,1
T0461,C017,2025-10-27,P061,KueKering,Snack,5
T0461,C017,2025-10-27,P241,KeripikTalas,Snack,5
T0462,C040,2025-02-06,P100,CengkehUtuh,Bumbu,5
T0462,C040,2025-02-06,P257,TehOolong,Minuman,3
T0462,C040,2025-02-06,P062,DodolTradi,Snack,4
T0462,C040,2025-02-06,P196,AlkoholSwab,Kesehatan,1
T0463,C010,2025-03-12,P176,PopokBayi,KebutuhanBayi,5
T0463,C010,2025-03-12,P210,PengkiSampah,Peralatan,4
T0464,C010,2025-06-11,P042,KelapaParut,Makanan,3
T0464,C010,2025-06-11,P250,DodolGarut,Snack,2
T0465,C021,2025-11-21,P003,SausSambal,Bumbu,4
T0466,C018,2025-04-18,P296,LampuLED,Peralatan,4
T0466,C018,2025-04-18,P082,BihunKering,Sembako,1
T0467,C009,2025-11-11,P220,KorekApi,Peralatan,1
T0467,C009,2025-11-11,P207,SponBuatPiring,Peralatan,1
T0467,C009,2025-11-11,P245,KerupukIkan,Snack,5
T0467,C009,2025-11-11,P197,Betadine,Kesehatan,2
T0468,C047,2025-07-11,P165,RisolesBeku,Frozen,5
T0469,C013,2025-01-10,P128,PembersiKaca,Kebersihan,2
T0470,C045,2025-06-26,P067,TrailMix,Snack,5
T0470,C045,2025-06-26,P053,PopcornInstan,Snack,5
T0470,C045,2025-06-26,P197,Betadine,Kesehatan,3
T0471,C011,2025-02-03,P153,KentangBeku,Frozen,3
T0472,C030,2025-09-24,P269,BumbuKare,Bumbu,4
T0472,C030,2025-09-24,P173,ShampoBayi,KebutuhanBayi,3
T0472,C030,2025-09-24,P223,IsolasiPlastik,Peralatan,2
T0472,C030,2025-09-24,P069,KacangBawang,Snack,2
T0472,C030,2025-09-24,P176,PopokBayi,KebutuhanBayi,4
T0473,C002,2025-04-27,P068,KacangAtom,Snack,1
T0473,C002,2025-04-27,P109,KalduSapi,Bumbu,5
T0474,C033,2025-03-28,P188,VitaminD,Kesehatan,1
T0475,C025,2025-11-24,P274,BumbuNasiKuning,Bumbu,1
T0475,C025,2025-11-24,P025,JusBuah,Minuman,1
T0475,C025,2025-11-24,P056,CoklatBatang,Snack,1
T0476,C027,2025-08-16,P064,EmpeekMlijo,Snack,2
T0476,C027,2025-08-16,P281,TepungHunkue,Sembako,2
T0476,C027,2025-08-16,P130,PelembutPakaian,Kebersihan,1
T0476,C027,2025-08-16,P243,KeripikJamur,Snack,3
T0477,C027,2025-12-05,P267,GaramBeryodium,Bumbu,3
T0478,C040,2025-11-07,P215,GelasPlastik,Peralatan,5
T0478,C040,2025-11-07,P054,WaferCokelat,Snack,5
T0479,C008,2025-05-25,P055,PermenSusu,Snack,4
T0480,C013,2025-11-08,P135,KamperPewangi,Kebersihan,2
T0480,C013,2025-11-08,P268,BumbuGadoGado,Bumbu,3
T0481,C046,2025-07-29,P083,SohunKering,Sembako,4
T0481,C046,2025-07-29,P021,AirMineral,Minuman,2
T0481,C046,2025-07-29,P281,TepungHunkue,Sembako,4
T0482,C022,2025-05-01,P007,RotiTawar,Makanan,1
T0483,C008,2025-10-21,P077,TepungPanir,Sembako,1
T0483,C008,2025-10-21,P047,SpagetiKering,Makanan,3
T0483,C008,2025-10-21,P262,JusJeruk,Minuman,2
T0483,C008,2025-10-21,P039,SerealSarapan,Makanan,4
T0484,C019,2025-05-16,P026,MinumanSoda,Minuman,3
T0484,C019,2025-05-16,P052,KacangGoreng,Snack,3
T0484,C019,2025-05-16,P090,BawangMerah,Sembako,3
T0484,C019,2025-05-16,P021,AirMineral,Minuman,4
T0485,C048,2025-03-01,P024,TehKotak,Minuman,1
T0486,C009,2025-12-06,P169,BubukSerealBayi,KebutuhanBayi,4
T0486,C009,2025-12-06,P184,ObatMaag,Kesehatan,5
T0487,C018,2025-02-17,P176,PopokBayi,KebutuhanBayi,4
T0487,C018,2025-02-17,P094,JaheSeruk,Sembako,4
T0487,C018,2025-02-17,P059,JellyInstan,Snack,4
T0488,C018,2025-07-17,P216,MangkokPlastik,Peralatan,1
T0488,C018,2025-07-17,P086,BerasMerah,Sembako,2
T0488,C018,2025-07-17,P058,PuddingInstan,Snack,1
T0488,C018,2025-07-17,P068,KacangAtom,Snack,4
T0489,C038,2025-09-05,P225,PisoLipat,Peralatan,2
T0489,C038,2025-09-05,P093,CabaiRawit,Sembako,4
T0489,C038,2025-09-05,P195,SarungTanganLatex,Kesehatan,4
T0489,C038,2025-09-05,P184,ObatMaag,Kesehatan,1
T0489,C038,2025-09-05,P015,MieKuah,Makanan,4
T0490,C029,2025-01-24,P134,PengharumRuang,Kebersihan,3
T0491,C001,2025-12-27,P296,LampuLED,Peralatan,5
T0491,C001,2025-12-27,P290,RotiPizza,Frozen,5
T0491,C001,2025-12-27,P115,BumbuOpor,Bumbu,1
T0491,C001,2025-12-27,P174,LosionBayi,KebutuhanBayi,4
T0491,C001,2025-12-27,P266,GaramLaut,Bumbu,2
T0492,C031,2025-06-27,P077,TepungPanir,Sembako,2
T0492,C031,2025-06-27,P286,NuggetIkan,Frozen,5
T0492,C031,2025-06-27,P028,MinumanIsotonik,Minuman,4
T0492,C031,2025-06-27,P006,SusuCair,Minuman,4
T0493,C011,2025-02-08,P165,RisolesBeku,Frozen,1
T0493,C011,2025-02-08,P124,SabunCairMandi,Kebersihan,5
T0493,C011,2025-02-08,P170,MinyakTelon,KebutuhanBayi,2
T0493,C011,2025-02-08,P143,HandSanitizer,Kebersihan,5
T0494,C042,2025-07-13,P121,SabunCuciPiring,Kebersihan,5
T0494,C042,2025-07-13,P041,BubukCokelat,Makanan,4
T0494,C042,2025-07-13,P236,BakingSoda,Makanan,1
T0494,C042,2025-07-13,P228,GantunganBaju,Peralatan,4
T0495,C029,2025-06-11,P255,TehHijau,Minuman,1
T0496,C007,2025-07-26,P019,MentegaKrim,Sembako,1
T0496,C007,2025-07-26,P286,NuggetIkan,Frozen,5
T0496,C007,2025-07-26,P282,SagunMutiara,Sembako,5
T0496,C007,2025-07-26,P001,MieInstan,Makanan,3
T0497,C033,2025-10-15,P234,GelatingBubuk,Makanan,3
T0497,C033,2025-10-15,P175,TissuBayi,KebutuhanBayi,1
T0498,C015,2025-08-21,P287,TempeBeku,Frozen,4
T0498,C015,2025-08-21,P243,KeripikJamur,Snack,1
T0498,C015,2025-08-21,P187,VitaminC,Kesehatan,1
T0499,C049,2025-12-04,P002,Telur,Makanan,3
T0499,C049,2025-12-04,P175,TissuBayi,KebutuhanBayi,3
T0500,C036,2025-09-25,P055,PermenSusu,Snack,4
T0500,C036,2025-09-25,P024,TehKotak,Minuman,2
T0500,C036,2025-09-25,P085,BerasJagung,Sembako,4
T0501,C007,2025-05-11,P101,DaunSalam,Bumbu,4
T0501,C007,2025-05-11,P097,KetumbarBubuk,Bumbu,2
T0501,C007,2025-05-11,P062,DodolTradi,Snack,3
T0501,C007,2025-05-11,P202,KantongPlastik,Peralatan,1
T0501,C007,2025-05-11,P111,BumbuGulai,Bumbu,4
T0502,C003,2025-11-21,P064,EmpeekMlijo,Snack,4
T0502,C003,2025-11-21,P231,AyamKaleng,Makanan,1
T0502,C003,2025-11-21,P235,RaginanRoti,Makanan,5
T0502,C003,2025-11-21,P259,BandrekInstan,Minuman,1
T0502,C003,2025-11-21,P069,KacangBawang,Snack,5
T0503,C028,2025-10-27,P261,MinumanCokelat,Minuman,2
T0503,C028,2025-10-27,P091,BawangPutih,Sembako,1
T0503,C028,2025-10-27,P297,BateraiAA,Peralatan,4
T0503,C028,2025-10-27,P089,KentangSegar,Sembako,5
T0504,C039,2025-06-14,P197,Betadine,Kesehatan,3
T0504,C039,2025-06-14,P215,GelasPlastik,Peralatan,3
T0504,C039,2025-06-14,P128,PembersiKaca,Kebersihan,4
T0504,C039,2025-06-14,P141,BenangGigi,Kebersihan,2
T0504,C039,2025-06-14,P204,AluminiumFoil,Peralatan,2
T0505,C027,2025-11-05,P154,JagungBeku,Frozen,2
T0505,C027,2025-11-05,P281,TepungHunkue,Sembako,2
T0505,C027,2025-11-05,P161,RotiBun,Frozen,5
T0505,C027,2025-11-05,P284,KemiriBulat,Sembako,3
T0505,C027,2025-11-05,P112,BumbuRendang,Bumbu,3
T0506,C044,2025-03-09,P258,WedangJahe,Minuman,3
T0506,C044,2025-03-09,P278,PembersiKarpet,Kebersihan,1
T0507,C049,2025-06-30,P246,Rempeyek,Snack,3
T0507,C049,2025-06-30,P299,StekerColokan,Peralatan,4
T0507,C049,2025-06-30,P293,ObatAlergi,Kesehatan,1
T0507,C049,2025-06-30,P214,PiringMelamin,Peralatan,5
T0507,C049,2025-06-30,P274,BumbuNasiKuning,Bumbu,1
T0508,C002,2025-07-15,P028,MinumanIsotonik,Minuman,2
T0508,C002,2025-07-15,P029,SusuKedelai,Minuman,3
T0509,C049,2025-03-24,P129,PemutihPakaian,Kebersihan,3
T0509,C049,2025-03-24,P075,TepungMaizena,Sembako,2
T0509,C049,2025-03-24,P032,MieGoreng,Makanan,5
T0510,C003,2025-07-03,P053,PopcornInstan,Snack,2
T0510,C003,2025-07-03,P288,TahuBeku,Frozen,5
T0510,C003,2025-07-03,P115,BumbuOpor,Bumbu,3
T0510,C003,2025-07-03,P200,Termometer,Kesehatan,1
T0511,C025,2025-07-18,P161,RotiBun,Frozen,3
T0511,C025,2025-07-18,P283,AsamJawa,Sembako,2
T0511,C025,2025-07-18,P028,MinumanIsotonik,Minuman,5
T0511,C025,2025-07-18,P007,RotiTawar,Makanan,4
T0512,C015,2025-11-21,P280,SabunCuciMobil,Kebersihan,3
T0512,C015,2025-11-21,P101,DaunSalam,Bumbu,4
T0512,C015,2025-11-21,P100,CengkehUtuh,Bumbu,2
T0513,C044,2025-02-08,P089,KentangSegar,Sembako,1
T0513,C044,2025-02-08,P264,JusJambu,Minuman,4
T0514,C003,2025-08-08,P285,DaunPandan,Sembako,2
T0514,C003,2025-08-08,P136,TissuBasah,Kebersihan,5
T0514,C003,2025-08-08,P067,TrailMix,Snack,3
T0515,C001,2025-06-19,P080,MinyakKelapa,Sembako,5
T0515,C001,2025-06-19,P021,AirMineral,Minuman,1
T0515,C001,2025-06-19,P079,MinyakZaitun,Sembako,5
T0515,C001,2025-06-19,P166,SusuFormula,KebutuhanBayi,3
T0516,C032,2025-10-21,P184,ObatMaag,Kesehatan,2
T0516,C032,2025-10-21,P038,SelaiStroberi,Makanan,5
T0516,C032,2025-10-21,P163,PaoIsi,Frozen,1
T0516,C032,2025-10-21,P270,BumbuTomYam,Bumbu,5
T0516,C032,2025-10-21,P113,BumbuSoto,Bumbu,2
T0517,C027,2025-10-06,P207,SponBuatPiring,Peralatan,3
T0517,C027,2025-10-06,P048,MaduMurni,Makanan,3
T0517,C027,2025-10-06,P179,KrimRuamBayi,KebutuhanBayi,3
T0517,C027,2025-10-06,P114,BumbuNasiGoreng,Bumbu,3
T0517,C027,2025-10-06,P110,KalduJamur,Bumbu,2
T0518,C049,2025-11-13,P244,KeripikTempe,Snack,4
T0518,C049,2025-11-13,P288,TahuBeku,Frozen,2
T0518,C049,2025-11-13,P005,GulaPasir,Sembako,5
T0518,C049,2025-11-13,P059,JellyInstan,Snack,5
T0518,C049,2025-11-13,P178,DotBayi,KebutuhanBayi,2
T0519,C003,2025-12-16,P196,AlkoholSwab,Kesehatan,3
T0519,C003,2025-12-16,P059,JellyInstan,Snack,5
T0519,C003,2025-12-16,P198,OralitBubuk,Kesehatan,3
T0520,C002,2025-09-22,P264,JusJambu,Minuman,4
T0520,C002,2025-09-22,P261,MinumanCokelat,Minuman,1
T0520,C002,2025-09-22,P229,JepitJemuran,Peralatan,3
T0521,C042,2025-04-09,P264,JusJambu,Minuman,2
T0521,C042,2025-04-09,P043,KacangTanah,Makanan,5
T0521,C042,2025-04-09,P050,KeripikKentang,Snack,5
T0522,C001,2025-11-17,P108,KalduAyam,Bumbu,2
T0523,C044,2025-08-06,P106,CukaAsam,Bumbu,5
T0524,C045,2025-08-11,P079,MinyakZaitun,Sembako,1
T0525,C030,2025-06-19,P045,KacangMerah,Makanan,1
T0526,C004,2025-04-02,P286,NuggetIkan,Frozen,2
T0526,C004,2025-04-02,P037,SelaiKacang,Makanan,3
T0526,C004,2025-04-02,P295,MinyakIkanKapsul,Kesehatan,4
T0527,C025,2025-08-19,P222,TaliRafia,Peralatan,1
T0527,C025,2025-08-19,P162,RotiSobek,Frozen,5
T0527,C025,2025-08-19,P009,ShampoRambut,Kebersihan,1
T0527,C025,2025-08-19,P200,Termometer,Kesehatan,5
T0528,C005,2025-10-27,P038,SelaiStroberi,Makanan,3
T0529,C033,2025-02-24,P155,EdamameKupas,Frozen,4
T0529,C033,2025-02-24,P045,KacangMerah,Makanan,4
T0529,C033,2025-02-24,P145,PembersiMuka,Kebersihan,4
T0530,C043,2025-01-16,P081,SantanKelapa,Sembako,4
T0530,C043,2025-01-16,P274,BumbuNasiKuning,Bumbu,5
T0530,C043,2025-01-16,P113,BumbuSoto,Bumbu,3
T0530,C043,2025-01-16,P070,RumputLaut,Snack,2
T0531,C020,2025-12-13,P006,SusuCair,Minuman,2
T0531,C020,2025-12-13,P284,KemiriBulat,Sembako,1
T0531,C020,2025-12-13,P285,DaunPandan,Sembako,1
T0532,C001,2025-10-21,P202,KantongPlastik,Peralatan,2
T0532,C001,2025-10-21,P276,DeterjenPodsCuci,Kebersihan,3
T0532,C001,2025-10-21,P281,TepungHunkue,Sembako,2
T0532,C001,2025-10-21,P044,KacangHijau,Makanan,4
T0532,C001,2025-10-21,P157,FiletIkan,Frozen,5
T0533,C010,2025-03-24,P114,BumbuNasiGoreng,Bumbu,2
T0533,C010,2025-03-24,P130,PelembutPakaian,Kebersihan,1
T0534,C012,2025-12-10,P028,MinumanIsotonik,Minuman,1
T0534,C012,2025-12-10,P282,SagunMutiara,Sembako,3
T0534,C012,2025-12-10,P237,VaniliBubuk,Makanan,1
T0534,C012,2025-12-10,P038,SelaiStroberi,Makanan,2
T0534,C012,2025-12-10,P149,BaksoSapi,Frozen,5
T0535,C032,2025-06-19,P066,Granola,Snack,3
T0535,C032,2025-06-19,P121,SabunCuciPiring,Kebersihan,5
T0535,C032,2025-06-19,P052,KacangGoreng,Snack,1
T0536,C013,2025-06-12,P231,AyamKaleng,Makanan,2
T0536,C013,2025-06-12,P169,BubukSerealBayi,KebutuhanBayi,5
T0536,C013,2025-06-12,P157,FiletIkan,Frozen,5
T0536,C013,2025-06-12,P300,KabelRoll,Peralatan,3
T0537,C021,2025-08-08,P003,SausSambal,Bumbu,2
T0537,C021,2025-08-08,P161,RotiBun,Frozen,2
T0538,C046,2025-11-25,P142,DeodoranStick,Kebersihan,4
T0538,C046,2025-11-25,P185,ObatDiare,Kesehatan,4
T0538,C046,2025-11-25,P069,KacangBawang,Snack,4
T0538,C046,2025-11-25,P170,MinyakTelon,KebutuhanBayi,3
T0539,C050,2025-06-06,P283,AsamJawa,Sembako,3
T0539,C050,2025-06-06,P056,CoklatBatang,Snack,2
T0539,C050,2025-06-06,P090,BawangMerah,Sembako,5
T0539,C050,2025-06-06,P042,KelapaParut,Makanan,2
T0540,C017,2025-11-17,P039,SerealSarapan,Makanan,1
T0541,C033,2025-11-20,P298,BateraiAAA,Peralatan,5
T0542,C026,2025-10-30,P019,MentegaKrim,Sembako,3
T0542,C026,2025-10-30,P283,AsamJawa,Sembako,5
T0543,C035,2025-08-30,P188,VitaminD,Kesehatan,2
T0543,C035,2025-08-30,P201,SaputanganKertas,Peralatan,5
T0544,C047,2025-05-29,P238,CoklatBubuk,Makanan,5
T0544,C047,2025-05-29,P257,TehOolong,Minuman,1
T0545,C026,2025-07-06,P006,SusuCair,Minuman,4
T0545,C026,2025-07-06,P123,SabunBatang,Kebersihan,2
T0545,C026,2025-07-06,P085,BerasJagung,Sembako,2
T0545,C026,2025-07-06,P264,JusJambu,Minuman,5
T0545,C026,2025-07-06,P072,BerasKetan,Sembako,5
T0546,C043,2025-03-16,P184,ObatMaag,Kesehatan,2
T0546,C043,2025-03-16,P021,AirMineral,Minuman,1
T0546,C043,2025-03-16,P113,BumbuSoto,Bumbu,3
T0546,C043,2025-03-16,P250,DodolGarut,Snack,3
T0547,C015,2025-01-22,P266,GaramLaut,Bumbu,4
T0547,C015,2025-01-22,P185,ObatDiare,Kesehatan,4
T0548,C030,2025-01-24,P166,SusuFormula,KebutuhanBayi,1
T0549,C046,2025-09-24,P135,KamperPewangi,Kebersihan,5
T0549,C046,2025-09-24,P297,BateraiAA,Peralatan,2
T0549,C046,2025-09-24,P279,PewangiPakaian,Kebersihan,4
T0550,C042,2025-07-13,P040,OatmealInstan,Makanan,4
T0550,C042,2025-07-13,P265,NektarBuah,Minuman,2
T0550,C042,2025-07-13,P129,PemutihPakaian,Kebersihan,5
T0551,C026,2025-06-30,P250,DodolGarut,Snack,5
T0551,C026,2025-06-30,P247,KeripikBayam,Snack,2
T0551,C026,2025-06-30,P004,KopiBubuk,Minuman,4
T0552,C011,2025-04-28,P264,JusJambu,Minuman,3
T0553,C014,2025-03-18,P081,SantanKelapa,Sembako,5
T0553,C014,2025-03-18,P186,ObatSakitKepala,Kesehatan,1
T0554,C043,2025-04-28,P170,MinyakTelon,KebutuhanBayi,4
T0554,C043,2025-04-28,P059,JellyInstan,Snack,2
T0554,C043,2025-04-28,P247,KeripikBayam,Snack,5
T0554,C043,2025-04-28,P246,Rempeyek,Snack,2
T0555,C042,2025-07-30,P125,DeterjenBubuk,Kebersihan,1
T0556,C009,2025-10-21,P083,SohunKering,Sembako,2
T0556,C009,2025-10-21,P069,KacangBawang,Snack,1
T0556,C009,2025-10-21,P263,JusMangga,Minuman,2
T0556,C009,2025-10-21,P021,AirMineral,Minuman,3
T0556,C009,2025-10-21,P294,ObatCacing,Kesehatan,2
T0557,C034,2025-07-27,P289,KulitLumpia,Frozen,4
T0557,C034,2025-07-27,P010,BerasPutih,Sembako,5
T0557,C034,2025-07-27,P146,NuggetAyam,Frozen,4
T0557,C034,2025-07-27,P044,KacangHijau,Makanan,4
T0557,C034,2025-07-27,P111,BumbuGulai,Bumbu,2
T0558,C015,2025-07-30,P074,TepungBeras,Sembako,2
T0558,C015,2025-07-30,P299,StekerColokan,Peralatan,3
T0558,C015,2025-07-30,P094,JaheSeruk,Sembako,4
T0558,C015,2025-07-30,P262,JusJeruk,Minuman,5
T0558,C015,2025-07-30,P136,TissuBasah,Kebersihan,5
T0559,C005,2025-04-28,P198,OralitBubuk,Kesehatan,2
T0559,C005,2025-04-28,P068,KacangAtom,Snack,5
T0559,C005,2025-04-28,P056,CoklatBatang,Snack,5
T0559,C005,2025-04-28,P009,ShampoRambut,Kebersihan,4
T0560,C010,2025-11-07,P091,BawangPutih,Sembako,4
T0561,C040,2025-11-04,P273,MisoInstan,Bumbu,5
T0562,C049,2025-03-02,P247,KeripikBayam,Snack,2
T0563,C039,2025-10-04,P221,Lilin,Peralatan,5
T0564,C027,2025-07-09,P272,SausPedas,Bumbu,4
T0565,C015,2025-09-04,P180,MinyakKayuPutih,KebutuhanBayi,2
T0565,C015,2025-09-04,P295,MinyakIkanKapsul,Kesehatan,3
T0565,C015,2025-09-04,P051,KeripikPisang,Snack,4
T0565,C015,2025-09-04,P218,BotolMinum,Peralatan,2
T0566,C006,2025-05-26,P279,PewangiPakaian,Kebersihan,1
T0566,C006,2025-05-26,P210,PengkiSampah,Peralatan,5
T0566,C006,2025-05-26,P132,KarbolLantai,Kebersihan,5
T0566,C006,2025-05-26,P097,KetumbarBubuk,Bumbu,1
T0566,C006,2025-05-26,P003,SausSambal,Bumbu,5
T0567,C001,2025-07-12,P162,RotiSobek,Frozen,3
T0567,C001,2025-07-12,P210,PengkiSampah,Peralatan,1
T0568,C010,2025-08-07,P130,PelembutPakaian,Kebersihan,3
T0568,C010,2025-08-07,P134,PengharumRuang,Kebersihan,5
T0568,C010,2025-08-07,P275,BumbuSopIga,Bumbu,3
T0568,C010,2025-08-07,P217,TupperwareBox,Peralatan,4
T0568,C010,2025-08-07,P290,RotiPizza,Frozen,2
T0569,C027,2025-10-10,P248,KeripikWortel,Snack,4
T0569,C027,2025-10-10,P092,CabaiMerah,Sembako,3
T0569,C027,2025-10-10,P190,MinyakAngin,Kesehatan,3
T0569,C027,2025-10-10,P287,TempeBeku,Frozen,5
T0569,C027,2025-10-10,P285,DaunPandan,Sembako,3
T0570,C050,2025-12-28,P071,GulaMerah,Sembako,2
T0570,C050,2025-12-28,P061,KueKering,Snack,1
T0570,C050,2025-12-28,P118,BumbuPecel,Bumbu,2
T0570,C050,2025-12-28,P229,JepitJemuran,Peralatan,5
T0571,C026,2025-06-23,P027,SirupBuah,Minuman,2
T0571,C026,2025-06-23,P083,SohunKering,Sembako,4
T0571,C026,2025-06-23,P200,Termometer,Kesehatan,5
T0571,C026,2025-06-23,P003,SausSambal,Bumbu,4
T0571,C026,2025-06-23,P047,SpagetiKering,Makanan,1
T0572,C005,2025-05-15,P190,MinyakAngin,Kesehatan,5
T0572,C005,2025-05-15,P041,BubukCokelat,Makanan,1
T0573,C047,2025-07-16,P267,GaramBeryodium,Bumbu,4
T0573,C047,2025-07-16,P147,SosisAyam,Frozen,4
T0573,C047,2025-07-16,P030,YogurtCup,Minuman,1
T0573,C047,2025-07-16,P090,BawangMerah,Sembako,2
T0574,C043,2025-09-23,P100,CengkehUtuh,Bumbu,5
T0574,C043,2025-09-23,P018,TepungTerigu,Sembako,2
T0574,C043,2025-09-23,P262,JusJeruk,Minuman,5
T0575,C011,2025-12-12,P185,ObatDiare,Kesehatan,2
T0576,C042,2025-01-01,P045,KacangMerah,Makanan,4
T0576,C042,2025-01-01,P142,DeodoranStick,Kebersihan,3
T0577,C043,2025-07-22,P103,SausTiram,Bumbu,1
T0577,C043,2025-07-22,P266,GaramLaut,Bumbu,5
T0577,C043,2025-07-22,P008,SabunMandi,Kebersihan,3
T0577,C043,2025-07-22,P036,IkanKaleng,Makanan,5
T0578,C038,2025-06-28,P142,DeodoranStick,Kebersihan,4
T0578,C038,2025-06-28,P116,BumbuRawon,Bumbu,4
T0578,C038,2025-06-28,P100,CengkehUtuh,Bumbu,5
T0579,C001,2025-05-14,P209,SapuIjuk,Peralatan,1
T0579,C001,2025-05-14,P260,SekotengInstan,Minuman,5
T0580,C005,2025-09-15,P175,TissuBayi,KebutuhanBayi,3
T0580,C005,2025-09-15,P060,RotiKering,Snack,5
T0580,C005,2025-09-15,P263,JusMangga,Minuman,5
T0581,C017,2025-12-22,P194,MaskerMedis,Kesehatan,3
T0581,C017,2025-12-22,P289,KulitLumpia,Frozen,4
T0581,C017,2025-12-22,P248,KeripikWortel,Snack,4
T0581,C017,2025-12-22,P125,DeterjenBubuk,Kebersihan,5
T0582,C002,2025-09-04,P133,PembersiToilet,Kebersihan,1
T0583,C025,2025-11-21,P118,BumbuPecel,Bumbu,4
T0583,C025,2025-11-21,P162,RotiSobek,Frozen,3
T0584,C034,2025-10-02,P135,KamperPewangi,Kebersihan,2
T0585,C019,2025-02-17,P176,PopokBayi,KebutuhanBayi,4
T0585,C019,2025-02-17,P039,SerealSarapan,Makanan,3
T0585,C019,2025-02-17,P284,KemiriBulat,Sembako,3
T0585,C019,2025-02-17,P092,CabaiMerah,Sembako,2
T0586,C037,2025-05-18,P098,PalaBubuk,Bumbu,2
T0586,C037,2025-05-18,P256,TehMelati,Minuman,2
T0587,C048,2025-05-04,P106,CukaAsam,Bumbu,2
T0587,C048,2025-05-04,P118,BumbuPecel,Bumbu,5
T0587,C048,2025-05-04,P104,SausBBQ,Bumbu,3
T0588,C010,2025-02-24,P041,BubukCokelat,Makanan,4
T0589,C040,2025-01-04,P022,SusuBubuk,Minuman,5
T0589,C040,2025-01-04,P247,KeripikBayam,Snack,3
T0589,C040,2025-01-04,P191,BalsemGosok,Kesehatan,4
T0589,C040,2025-01-04,P162,RotiSobek,Frozen,2
T0589,C040,2025-01-04,P253,AirKelapa,Minuman,5
T0590,C018,2025-07-23,P296,LampuLED,Peralatan,1
T0590,C018,2025-07-23,P066,Granola,Snack,5
T0591,C028,2025-09-02,P017,KecapManis,Bumbu,4
T0591,C028,2025-09-02,P258,WedangJahe,Minuman,1
T0591,C028,2025-09-02,P178,DotBayi,KebutuhanBayi,5
T0591,C028,2025-09-02,P202,KantongPlastik,Peralatan,4
T0591,C028,2025-09-02,P090,BawangMerah,Sembako,3
T0592,C045,2025-01-05,P108,KalduAyam,Bumbu,4
T0593,C038,2025-02-21,P186,ObatSakitKepala,Kesehatan,5
T0593,C038,2025-02-21,P133,PembersiToilet,Kebersihan,3
T0593,C038,2025-02-21,P096,LadaBubuk,Bumbu,2
T0594,C018,2025-08-30,P176,PopokBayi,KebutuhanBayi,2
T0594,C018,2025-08-30,P188,VitaminD,Kesehatan,4
T0594,C018,2025-08-30,P095,KunyitBubuk,Sembako,3
T0594,C018,2025-08-30,P256,TehMelati,Minuman,3
T0594,C018,2025-08-30,P218,BotolMinum,Peralatan,4
T0595,C018,2025-08-19,P293,ObatAlergi,Kesehatan,5
T0595,C018,2025-08-19,P068,KacangAtom,Snack,2
T0596,C007,2025-05-19,P285,DaunPandan,Sembako,4
T0596,C007,2025-05-19,P222,TaliRafia,Peralatan,2
T0597,C010,2025-03-18,P005,GulaPasir,Sembako,2
T0597,C010,2025-03-18,P091,BawangPutih,Sembako,5
T0597,C010,2025-03-18,P216,MangkokPlastik,Peralatan,5
T0597,C010,2025-03-18,P256,TehMelati,Minuman,3
T0598,C032,2025-06-03,P288,TahuBeku,Frozen,4
T0598,C032,2025-06-03,P291,PopokDewasa,Kesehatan,1
T0598,C032,2025-06-03,P025,JusBuah,Minuman,2
T0599,C004,2025-04-21,P244,KeripikTempe,Snack,3
T0599,C004,2025-04-21,P050,KeripikKentang,Snack,3
T0599,C004,2025-04-21,P231,AyamKaleng,Makanan,3
T0600,C024,2025-10-14,P132,KarbolLantai,Kebersihan,3
T0600,C024,2025-10-14,P177,BotolSusu,KebutuhanBayi,5
T0600,C024,2025-10-14,P011,MinyakGoreng,Sembako,2
T0600,C024,2025-10-14,P211,KainPel,Peralatan,5
T0600,C024,2025-10-14,P063,KrupukMentah,Snack,5
T0601,C042,2025-11-29,P090,BawangMerah,Sembako,4
T0601,C042,2025-11-29,P146,NuggetAyam,Frozen,4
T0601,C042,2025-11-29,P182,ObatBatuk,Kesehatan,1
T0601,C042,2025-11-29,P167,MakananBayi,KebutuhanBayi,4
T0601,C042,2025-11-29,P262,JusJeruk,Minuman,5
T0602,C019,2025-08-26,P086,BerasMerah,Sembako,4
T0602,C019,2025-08-26,P173,ShampoBayi,KebutuhanBayi,5
T0603,C037,2025-07-27,P041,BubukCokelat,Makanan,2
T0604,C022,2025-04-27,P163,PaoIsi,Frozen,5
T0604,C022,2025-04-27,P150,BaksoIkan,Frozen,4
T0604,C022,2025-04-27,P137,TissuKering,Kebersihan,3
T0605,C029,2025-07-05,P267,GaramBeryodium,Bumbu,1
T0605,C029,2025-07-05,P231,AyamKaleng,Makanan,2
T0605,C029,2025-07-05,P212,SerokGoreng,Peralatan,2
T0605,C029,2025-07-05,P086,BerasMerah,Sembako,3
T0605,C029,2025-07-05,P095,KunyitBubuk,Sembako,1
T0606,C014,2025-03-27,P053,PopcornInstan,Snack,5
T0606,C014,2025-03-27,P049,KeripikSingkong,Snack,1
T0606,C014,2025-03-27,P033,RotiIsi,Makanan,1
T0606,C014,2025-03-27,P243,KeripikJamur,Snack,4
T0607,C034,2025-02-12,P135,KamperPewangi,Kebersihan,5
T0608,C010,2025-02-13,P159,DagingGiling,Frozen,4
T0608,C010,2025-02-13,P118,BumbuPecel,Bumbu,2
T0608,C010,2025-02-13,P127,PelicLantai,Kebersihan,2
T0608,C010,2025-02-13,P146,NuggetAyam,Frozen,5
T0609,C011,2025-01-15,P183,ObatFlu,Kesehatan,3
T0610,C031,2025-08-28,P140,ObatKumur,Kebersihan,2
T0610,C031,2025-08-28,P281,TepungHunkue,Sembako,5
T0610,C031,2025-08-28,P228,GantunganBaju,Peralatan,5
T0610,C031,2025-08-28,P070,RumputLaut,Snack,4
T0610,C031,2025-08-28,P277,PelicSepatu,Kebersihan,5
T0611,C028,2025-09-26,P159,DagingGiling,Frozen,1
T0611,C028,2025-09-26,P178,DotBayi,KebutuhanBayi,4
T0611,C028,2025-09-26,P247,KeripikBayam,Snack,3
T0611,C028,2025-09-26,P277,PelicSepatu,Kebersihan,3
T0611,C028,2025-09-26,P117,BumbuBalado,Bumbu,4
T0612,C017,2025-03-21,P006,SusuCair,Minuman,2
T0612,C017,2025-03-21,P001,MieInstan,Makanan,3
T0612,C017,2025-03-21,P268,BumbuGadoGado,Bumbu,3
T0613,C031,2025-10-01,P252,SusuOat,Minuman,4
T0614,C020,2025-01-05,P150,BaksoIkan,Frozen,3
T0614,C020,2025-01-05,P119,BumbuSateAyam,Bumbu,2
T0614,C020,2025-01-05,P004,KopiBubuk,Minuman,4
T0614,C020,2025-01-05,P281,TepungHunkue,Sembako,5
T0615,C028,2025-07-22,P084,KwetiawKering,Sembako,4
T0615,C028,2025-07-22,P200,Termometer,Kesehatan,2
T0616,C017,2025-02-10,P123,SabunBatang,Kebersihan,5
T0616,C017,2025-02-10,P265,NektarBuah,Minuman,3
T0616,C017,2025-02-10,P140,ObatKumur,Kebersihan,4
T0616,C017,2025-02-10,P146,NuggetAyam,Frozen,2
T0617,C005,2025-04-04,P149,BaksoSapi,Frozen,4
T0617,C005,2025-04-04,P057,Marshmallow,Snack,5
T0618,C029,2025-05-20,P252,SusuOat,Minuman,1
T0618,C029,2025-05-20,P097,KetumbarBubuk,Bumbu,5
T0618,C029,2025-05-20,P165,RisolesBeku,Frozen,1
T0618,C029,2025-05-20,P010,BerasPutih,Sembako,2
T0618,C029,2025-05-20,P078,MinyakWijen,Sembako,1
T0619,C019,2025-05-18,P225,PisoLipat,Peralatan,2
T0619,C019,2025-05-18,P005,GulaPasir,Sembako,1
T0620,C010,2025-01-08,P112,BumbuRendang,Bumbu,4
T0620,C010,2025-01-08,P176,PopokBayi,KebutuhanBayi,3
T0620,C010,2025-01-08,P216,MangkokPlastik,Peralatan,4
T0620,C010,2025-01-08,P160,PizzaMini,Frozen,1
T0621,C022,2025-02-11,P029,SusuKedelai,Minuman,4
T0621,C022,2025-02-11,P137,TissuKering,Kebersihan,1
T0622,C035,2025-08-29,P099,KayuManis,Bumbu,4
T0622,C035,2025-08-29,P129,PemutihPakaian,Kebersihan,1
T0623,C008,2025-05-08,P227,JemuranBaju,Peralatan,4
T0623,C008,2025-05-08,P127,PelicLantai,Kebersihan,1
T0623,C008,2025-05-08,P018,TepungTerigu,Sembako,5
T0623,C008,2025-05-08,P102,SerehSegar,Bumbu,2
T0624,C031,2025-07-19,P166,SusuFormula,KebutuhanBayi,5
T0624,C031,2025-07-19,P082,BihunKering,Sembako,5
T0624,C031,2025-07-19,P022,SusuBubuk,Minuman,1
T0625,C017,2025-09-04,P102,SerehSegar,Bumbu,2
T0625,C017,2025-09-04,P185,ObatDiare,Kesehatan,1
T0625,C017,2025-09-04,P027,SirupBuah,Minuman,2
T0626,C041,2025-08-11,P008,SabunMandi,Kebersihan,5
T0626,C041,2025-08-11,P086,BerasMerah,Sembako,1
T0626,C041,2025-08-11,P142,DeodoranStick,Kebersihan,4
T0627,C016,2025-01-05,P298,BateraiAAA,Peralatan,4
T0628,C045,2025-11-02,P191,BalsemGosok,Kesehatan,2
T0628,C045,2025-11-02,P046,Makaroni,Makanan,2
T0629,C032,2025-02-16,P174,LosionBayi,KebutuhanBayi,1
T0629,C032,2025-02-16,P031,NasiBox,Makanan,2
T0629,C032,2025-02-16,P183,ObatFlu,Kesehatan,4
T0629,C032,2025-02-16,P079,MinyakZaitun,Sembako,2
T0629,C032,2025-02-16,P275,BumbuSopIga,Bumbu,3
T0630,C036,2025-11-27,P225,PisoLipat,Peralatan,4
T0630,C036,2025-11-27,P099,KayuManis,Bumbu,3
T0630,C036,2025-11-27,P011,MinyakGoreng,Sembako,2
T0631,C017,2025-01-21,P225,PisoLipat,Peralatan,4
T0631,C017,2025-01-21,P287,TempeBeku,Frozen,2
T0631,C017,2025-01-21,P151,OtakOtakIkan,Frozen,5
T0631,C017,2025-01-21,P278,PembersiKarpet,Kebersihan,2
T0632,C035,2025-06-28,P240,KrimKopi,Makanan,2
T0632,C035,2025-06-28,P141,BenangGigi,Kebersihan,1
T0632,C035,2025-06-28,P284,KemiriBulat,Sembako,5
T0633,C010,2025-08-19,P135,KamperPewangi,Kebersihan,4
T0633,C010,2025-08-19,P278,PembersiKarpet,Kebersihan,1
T0633,C010,2025-08-19,P188,VitaminD,Kesehatan,5
T0634,C025,2025-04-05,P187,VitaminC,Kesehatan,5
T0635,C016,2025-06-14,P276,DeterjenPodsCuci,Kebersihan,4
T0636,C013,2025-09-26,P283,AsamJawa,Sembako,4
T0636,C013,2025-09-26,P079,MinyakZaitun,Sembako,3
T0636,C013,2025-09-26,P145,PembersiMuka,Kebersihan,1
T0636,C013,2025-09-26,P166,SusuFormula,KebutuhanBayi,1
T0637,C034,2025-12-04,P023,KopiSachet,Minuman,2
T0638,C012,2025-01-17,P055,PermenSusu,Snack,2
T0638,C012,2025-01-17,P249,ManisanPala,Snack,1
T0639,C003,2025-10-20,P251,SusuAlmond,Minuman,3
T0639,C003,2025-10-20,P270,BumbuTomYam,Bumbu,2
T0639,C003,2025-10-20,P132,KarbolLantai,Kebersihan,5
T0639,C003,2025-10-20,P026,MinumanSoda,Minuman,1
T0640,C001,2025-04-17,P041,BubukCokelat,Makanan,5
T0640,C001,2025-04-17,P240,KrimKopi,Makanan,4
T0640,C001,2025-04-17,P032,MieGoreng,Makanan,3
T0640,C001,2025-04-17,P185,ObatDiare,Kesehatan,1
T0641,C040,2025-05-17,P021,AirMineral,Minuman,5
T0641,C040,2025-05-17,P037,SelaiKacang,Makanan,1
T0641,C040,2025-05-17,P156,UdangBeku,Frozen,1
T0641,C040,2025-05-17,P040,OatmealInstan,Makanan,2
T0641,C040,2025-05-17,P111,BumbuGulai,Bumbu,5
T0642,C025,2025-04-08,P270,BumbuTomYam,Bumbu,5
T0642,C025,2025-04-08,P128,PembersiKaca,Kebersihan,2
T0643,C036,2025-10-13,P055,PermenSusu,Snack,4
T0643,C036,2025-10-13,P296,LampuLED,Peralatan,1
T0643,C036,2025-10-13,P184,ObatMaag,Kesehatan,2
T0643,C036,2025-10-13,P235,RaginanRoti,Makanan,2
T0644,C036,2025-07-25,P173,ShampoBayi,KebutuhanBayi,3
T0644,C036,2025-07-25,P081,SantanKelapa,Sembako,5
T0644,C036,2025-07-25,P274,BumbuNasiKuning,Bumbu,3
T0644,C036,2025-07-25,P227,JemuranBaju,Peralatan,3
T0644,C036,2025-07-25,P181,ObatDemam,Kesehatan,4
T0645,C049,2025-11-21,P166,SusuFormula,KebutuhanBayi,2
T0645,C049,2025-11-21,P124,SabunCairMandi,Kebersihan,4
T0645,C049,2025-11-21,P289,KulitLumpia,Frozen,5
T0645,C049,2025-11-21,P280,SabunCuciMobil,Kebersihan,3
T0646,C024,2025-08-20,P204,AluminiumFoil,Peralatan,5
T0646,C024,2025-08-20,P001,MieInstan,Makanan,1
T0646,C024,2025-08-20,P018,TepungTerigu,Sembako,5
T0646,C024,2025-08-20,P146,NuggetAyam,Frozen,2
T0647,C020,2025-01-04,P114,BumbuNasiGoreng,Bumbu,1
T0647,C020,2025-01-04,P110,KalduJamur,Bumbu,3
T0647,C020,2025-01-04,P162,RotiSobek,Frozen,5
T0648,C033,2025-10-12,P293,ObatAlergi,Kesehatan,3
T0648,C033,2025-10-12,P080,MinyakKelapa,Sembako,2
T0648,C033,2025-10-12,P049,KeripikSingkong,Snack,2
T0648,C033,2025-10-12,P020,KerupukUdang,Snack,3
T0648,C033,2025-10-12,P236,BakingSoda,Makanan,3
T0649,C038,2025-05-08,P132,KarbolLantai,Kebersihan,1
T0649,C038,2025-05-08,P154,JagungBeku,Frozen,5
T0650,C026,2025-10-19,P040,OatmealInstan,Makanan,4
T0650,C026,2025-10-19,P167,MakananBayi,KebutuhanBayi,2
T0651,C032,2025-12-20,P049,KeripikSingkong,Snack,1
T0651,C032,2025-12-20,P154,JagungBeku,Frozen,1
T0651,C032,2025-12-20,P020,KerupukUdang,Snack,3
T0651,C032,2025-12-20,P296,LampuLED,Peralatan,3
T0651,C032,2025-12-20,P196,AlkoholSwab,Kesehatan,4
T0652,C027,2025-03-03,P006,SusuCair,Minuman,1
T0652,C027,2025-03-03,P196,AlkoholSwab,Kesehatan,3
T0653,C034,2025-01-22,P277,PelicSepatu,Kebersihan,3
T0653,C034,2025-01-22,P290,RotiPizza,Frozen,5
T0653,C034,2025-01-22,P077,TepungPanir,Sembako,2
T0654,C010,2025-01-26,P229,JepitJemuran,Peralatan,2
T0654,C010,2025-01-26,P295,MinyakIkanKapsul,Kesehatan,4
T0654,C010,2025-01-26,P259,BandrekInstan,Minuman,3
T0654,C010,2025-01-26,P047,SpagetiKering,Makanan,4
T0655,C010,2025-03-09,P043,KacangTanah,Makanan,1
T0655,C010,2025-03-09,P244,KeripikTempe,Snack,5
T0655,C010,2025-03-09,P293,ObatAlergi,Kesehatan,4
T0656,C017,2025-02-13,P257,TehOolong,Minuman,4
T0656,C017,2025-02-13,P223,IsolasiPlastik,Peralatan,5
T0656,C017,2025-02-13,P067,TrailMix,Snack,2
T0656,C017,2025-02-13,P070,RumputLaut,Snack,4
T0657,C026,2025-11-30,P101,DaunSalam,Bumbu,1
T0657,C026,2025-11-30,P288,TahuBeku,Frozen,3
T0657,C026,2025-11-30,P269,BumbuKare,Bumbu,4
T0657,C026,2025-11-30,P127,PelicLantai,Kebersihan,3
T0657,C026,2025-11-30,P125,DeterjenBubuk,Kebersihan,5
T0658,C006,2025-02-27,P217,TupperwareBox,Peralatan,3
T0658,C006,2025-02-27,P188,VitaminD,Kesehatan,3
T0658,C006,2025-02-27,P179,KrimRuamBayi,KebutuhanBayi,5
T0658,C006,2025-02-27,P098,PalaBubuk,Bumbu,1
T0659,C050,2025-06-06,P180,MinyakKayuPutih,KebutuhanBayi,5
T0659,C050,2025-06-06,P227,JemuranBaju,Peralatan,2
T0660,C029,2025-01-23,P103,SausTiram,Bumbu,2
T0660,C029,2025-01-23,P192,PlesterLuka,Kesehatan,1
T0661,C008,2025-01-28,P076,TepungKanji,Sembako,1
T0661,C008,2025-01-28,P148,SosisSapi,Frozen,3
T0662,C045,2025-02-26,P231,AyamKaleng,Makanan,3
T0662,C045,2025-02-26,P242,KeripikApel,Snack,2
T0662,C045,2025-02-26,P012,TehCelup,Minuman,5
T0663,C014,2025-04-15,P268,BumbuGadoGado,Bumbu,1
T0663,C014,2025-04-15,P133,PembersiToilet,Kebersihan,4
T0663,C014,2025-04-15,P281,TepungHunkue,Sembako,5
T0663,C014,2025-04-15,P248,KeripikWortel,Snack,5
T0663,C014,2025-04-15,P073,JagungPipil,Sembako,1
T0664,C017,2025-03-29,P146,NuggetAyam,Frozen,2
T0665,C045,2025-11-13,P028,MinumanIsotonik,Minuman,1
T0665,C045,2025-11-13,P239,SusuKental,Makanan,4
T0665,C045,2025-11-13,P005,GulaPasir,Sembako,3
T0666,C043,2025-12-04,P056,CoklatBatang,Snack,4
T0666,C043,2025-12-04,P010,BerasPutih,Sembako,2
T0666,C043,2025-12-04,P150,BaksoIkan,Frozen,4
T0667,C033,2025-12-30,P162,RotiSobek,Frozen,4
T0668,C039,2025-09-30,P096,LadaBubuk,Bumbu,2
T0669,C033,2025-08-23,P012,TehCelup,Minuman,3
T0669,C033,2025-08-23,P021,AirMineral,Minuman,4
T0669,C033,2025-08-23,P127,PelicLantai,Kebersihan,4
T0669,C033,2025-08-23,P272,SausPedas,Bumbu,2
T0669,C033,2025-08-23,P157,FiletIkan,Frozen,1
T0670,C023,2025-12-17,P182,ObatBatuk,Kesehatan,5
T0670,C023,2025-12-17,P155,EdamameKupas,Frozen,3
T0670,C023,2025-12-17,P121,SabunCuciPiring,Kebersihan,1
T0671,C041,2025-05-12,P016,GaramHalus,Bumbu,2
T0671,C041,2025-05-12,P285,DaunPandan,Sembako,3
T0671,C041,2025-05-12,P144,SabunAntiseptik,Kebersihan,4
T0671,C041,2025-05-12,P116,BumbuRawon,Bumbu,2
T0672,C006,2025-07-15,P117,BumbuBalado,Bumbu,4
